ID,CLASS,SEX,SCHOOL,THRISKEFTIKA,FYSIKI,XHMEIA,BIOLOGIA,KSENES_GLOSSES,PLHROFORIKI,PROGRAMMATISMOS,TEXNOLOGIA,KOINONIOLOGIA,OIKONOMIA,SXEDIO,MATHIMATIKA,STATISTIKI,ISTORIA,ARXAIA_ELLHNIKA,NEA_ELLHNIKA_EKTHESI,LATINIKA,DIKAIO,GEOGRAFIA_ASTRONOMIA,FYSIKI_AGOGI,AISTHITIKI_AGOGI,AODE,GEOPONIA,PSIXOLOGIA
228,C,GIRL,GEL_THERMOU,poly,para_poly,para_poly,para_poly,metria,para_poly,?,poly,poly,poly,ligo,para_poly,para_poly,katholou,para_poly,?,?,metria,metria,poly,poly,poly,metria,metria
229,C,GIRL,GEL_THERMOU,ligo,metria,ligo,ligo,ligo,poly,poly,ligo,ligo,poly,metria,ligo,ligo,katholou,ligo,ligo,katholou,metria,metria,poly,metria,metria,katholou,ligo
230,C,GIRL,GEL_THERMOU,poly,metria,ligo,para_poly,para_poly,poly,metria,metria,metria,metria,para_poly,metria,katholou,?,ligo,metria,katholou,metria,poly,para_poly,poly,poly,ligo,ligo
231,C,BOY,GEL_THERMOU,?,katholou,ligo,?,para_poly,para_poly,?,metria,poly,?,katholou,poly,poly,para_poly,para_poly,?,para_poly,metria,para_poly,para_poly,ligo,?,katholou,metria
232,C,BOY,GEL_THERMOU,?,ligo,ligo,?,poly,poly,?,ligo,poly,poly,katholou,para_poly,para_poly,para_poly,poly,para_poly,metria,para_poly,poly,para_poly,?,?,katholou,katholou
233,C,GIRL,GEL_THERMOU,?,poly,poly,?,metria,para_poly,?,ligo,ligo,katholou,para_poly,poly,katholou,ligo,katholou,?,?,ligo,poly,poly,para_poly,?,katholou,para_poly
234,C,BOY,GEL_THERMOU,ligo,para_poly,metria,?,poly,poly,poly,para_poly,poly,ligo,metria,ligo,ligo,?,ligo,metria,?,poly,metria,poly,poly,?,metria,katholou
235,C,GIRL,GEL_THERMOU,ligo,ligo,ligo,?,poly,metria,?,katholou,poly,katholou,poly,metria,metria,para_poly,poly,para_poly,katholou,ligo,poly,metria,metria,?,ligo,para_poly
236,C,BOY,GEL_THERMOU,?,metria,metria,?,poly,para_poly,metria,poly,poly,katholou,metria,ligo,ligo,poly,metria,metria,?,poly,poly,para_poly,ligo,metria,katholou,katholou
237,C,GIRL,GEL_THERMOU,?,katholou,metria,poly,poly,metria,?,ligo,metria,ligo,poly,metria,metria,poly,?,metria,?,ligo,metria,para_poly,metria,?,katholou,ligo
238,C,GIRL,GEL_THERMOU,ligo,para_poly,poly,para_poly,katholou,poly,poly,metria,metria,?,para_poly,poly,metria,?,katholou,ligo,?,ligo,metria,para_poly,metria,?,?,para_poly
239,C,BOY,GEL_THERMOU,katholou,poly,ligo,ligo,metria,metria,para_poly,katholou,katholou,para_poly,katholou,metria,poly,?,katholou,ligo,katholou,katholou,ligo,para_poly,metria,metria,poly,para_poly
240,C,GIRL,GEL_THERMOU,poly,katholou,ligo,poly,para_poly,para_poly,metria,ligo,metria,metria,metria,metria,poly,poly,para_poly,?,para_poly,ligo,katholou,poly,poly,poly,katholou,metria
241,C,GIRL,GEL_THERMOU,?,ligo,ligo,poly,para_poly,poly,?,ligo,poly,para_poly,metria,para_poly,poly,?,metria,metria,metria,poly,?,para_poly,metria,metria,katholou,poly
242,C,GIRL,GEL_THERMOU,?,para_poly,ligo,poly,katholou,metria,poly,katholou,katholou,metria,katholou,poly,poly,katholou,katholou,metria,katholou,ligo,katholou,ligo,?,metria,katholou,katholou
243,C,BOY,GEL_THERMOU,katholou,ligo,katholou,ligo,ligo,poly,metria,metria,ligo,poly,metria,poly,ligo,katholou,ligo,?,?,metria,katholou,para_poly,ligo,poly,katholou,katholou
244,C,BOY,GEL_THERMOU,poly,ligo,ligo,poly,katholou,metria,metria,poly,katholou,katholou,katholou,metria,ligo,katholou,katholou,katholou,katholou,ligo,para_poly,para_poly,?,metria,para_poly,katholou
245,C,BOY,GEL_THERMOU,poly,metria,para_poly,?,ligo,poly,?,metria,katholou,metria,?,poly,?,?,?,metria,?,?,?,para_poly,?,?,?,?
246,C,GIRL,GEL_THERMOU,poly,katholou,katholou,?,para_poly,poly,katholou,katholou,poly,katholou,poly,katholou,katholou,poly,para_poly,metria,?,metria,metria,para_poly,metria,katholou,katholou,katholou
247,C,BOY,GEL_THERMOU,para_poly,ligo,ligo,para_poly,ligo,para_poly,katholou,para_poly,?,ligo,ligo,katholou,ligo,?,metria,?,metria,para_poly,ligo,para_poly,?,?,katholou,ligo
248,C,GIRL,GEL_THERMOU,poly,katholou,metria,para_poly,metria,ligo,?,katholou,metria,ligo,poly,metria,metria,para_poly,para_poly,metria,katholou,ligo,metria,para_poly,poly,?,?,metria
249,C,GIRL,GEL_THERMOU,poly,metria,ligo,poly,ligo,para_poly,?,para_poly,?,?,para_poly,katholou,katholou,katholou,metria,para_poly,metria,ligo,para_poly,para_poly,ligo,katholou,metria,para_poly
250,C,GIRL,GEL_THERMOU,poly,metria,katholou,?,katholou,poly,poly,ligo,metria,para_poly,katholou,para_poly,para_poly,ligo,katholou,?,katholou,ligo,katholou,ligo,ligo,?,metria,katholou
251,B,GIRL,1o_GEL_AGRINIOU,katholou,para_poly,katholou,katholou,katholou,metria,katholou,metria,katholou,metria,para_poly,para_poly,poly,katholou,katholou,metria,katholou,katholou,katholou,katholou,ligo,metria,katholou,ligo
252,B,GIRL,1o_GEL_AGRINIOU,katholou,katholou,katholou,katholou,poly,para_poly,ligo,katholou,metria,para_poly,katholou,katholou,ligo,ligo,ligo,metria,?,poly,katholou,katholou,metria,poly,katholou,poly
253,B,BOY,1o_GEL_AGRINIOU,ligo,ligo,ligo,ligo,metria,para_poly,?,ligo,poly,ligo,ligo,katholou,ligo,poly,metria,ligo,metria,ligo,metria,para_poly,?,katholou,katholou,para_poly
254,B,GIRL,1o_GEL_AGRINIOU,ligo,poly,metria,?,poly,poly,?,?,?,?,?,para_poly,?,ligo,katholou,?,?,ligo,?,para_poly,?,?,?,?
255,B,GIRL,1o_GEL_AGRINIOU,katholou,para_poly,para_poly,?,katholou,metria,metria,ligo,katholou,poly,katholou,poly,ligo,katholou,katholou,katholou,katholou,katholou,katholou,katholou,?,poly,ligo,katholou
256,B,GIRL,1o_GEL_AGRINIOU,katholou,para_poly,para_poly,?,katholou,metria,metria,ligo,katholou,poly,katholou,poly,poly,katholou,katholou,katholou,katholou,katholou,katholou,katholou,?,poly,ligo,katholou
257,B,GIRL,1o_GEL_AGRINIOU,katholou,para_poly,katholou,katholou,metria,poly,katholou,metria,katholou,para_poly,katholou,para_poly,para_poly,katholou,katholou,metria,katholou,katholou,katholou,katholou,metria,?,katholou,ligo
258,B,BOY,1o_GEL_AGRINIOU,ligo,para_poly,para_poly,?,metria,para_poly,ligo,katholou,metria,ligo,katholou,para_poly,katholou,ligo,katholou,?,katholou,ligo,ligo,para_poly,metria,katholou,katholou,metria
259,B,GIRL,1o_GEL_AGRINIOU,?,katholou,katholou,?,para_poly,para_poly,?,ligo,poly,ligo,katholou,katholou,katholou,?,poly,?,metria,katholou,poly,katholou,para_poly,katholou,metria,para_poly
260,B,GIRL,1o_GEL_AGRINIOU,katholou,para_poly,para_poly,ligo,katholou,metria,metria,ligo,katholou,poly,katholou,poly,poly,katholou,katholou,katholou,katholou,katholou,katholou,katholou,?,poly,ligo,katholou
261,B,BOY,1o_GEL_AGRINIOU,ligo,ligo,ligo,ligo,metria,para_poly,katholou,ligo,poly,ligo,ligo,katholou,ligo,poly,metria,ligo,metria,ligo,metria,para_poly,?,katholou,katholou,para_poly
262,B,GIRL,1o_GEL_AGRINIOU,katholou,para_poly,katholou,katholou,ligo,poly,metria,metria,katholou,metria,para_poly,para_poly,para_poly,katholou,katholou,metria,katholou,katholou,katholou,katholou,ligo,metria,katholou,ligo
263,B,BOY,1o_GEL_AGRINIOU,katholou,metria,para_poly,poly,metria,metria,metria,ligo,ligo,metria,katholou,metria,ligo,ligo,katholou,?,katholou,ligo,para_poly,metria,metria,katholou,metria,metria
264,B,GIRL,1o_GEL_AGRINIOU,?,ligo,ligo,poly,poly,poly,metria,katholou,katholou,ligo,ligo,katholou,katholou,katholou,ligo,?,metria,katholou,metria,metria,poly,?,katholou,para_poly
265,B,GIRL,1o_GEL_AGRINIOU,katholou,katholou,katholou,poly,metria,katholou,katholou,katholou,katholou,katholou,katholou,katholou,katholou,para_poly,para_poly,para_poly,para_poly,katholou,katholou,katholou,?,katholou,katholou,para_poly
266,B,BOY,1o_GEL_AGRINIOU,ligo,poly,metria,?,metria,para_poly,katholou,katholou,katholou,katholou,katholou,para_poly,katholou,ligo,ligo,?,katholou,ligo,katholou,para_poly,?,?,katholou,katholou
267,B,GIRL,1o_GEL_AGRINIOU,para_poly,poly,para_poly,?,ligo,para_poly,?,katholou,?,ligo,ligo,metria,katholou,?,para_poly,?,metria,ligo,para_poly,ligo,?,?,ligo,para_poly
268,B,BOY,1o_GEL_AGRINIOU,poly,ligo,metria,?,metria,para_poly,ligo,poly,metria,katholou,katholou,poly,metria,poly,ligo,ligo,?,metria,poly,para_poly,?,metria,ligo,ligo
269,B,GIRL,1o_GEL_AGRINIOU,katholou,katholou,katholou,katholou,katholou,katholou,katholou,katholou,?,katholou,katholou,katholou,katholou,poly,poly,para_poly,poly,ligo,katholou,katholou,?,metria,katholou,para_poly
270,B,GIRL,1o_GEL_AGRINIOU,katholou,katholou,katholou,poly,ligo,ligo,katholou,katholou,katholou,katholou,katholou,katholou,katholou,katholou,para_poly,para_poly,para_poly,ligo,katholou,katholou,ligo,katholou,katholou,metria
271,B,GIRL,1o_GEL_AGRINIOU,katholou,poly,katholou,katholou,katholou,ligo,katholou,katholou,ligo,para_poly,katholou,poly,poly,katholou,katholou,metria,katholou,ligo,katholou,katholou,?,metria,katholou,katholou
272,B,GIRL,1o_GEL_AGRINIOU,katholou,katholou,katholou,katholou,katholou,katholou,katholou,katholou,katholou,katholou,katholou,katholou,katholou,katholou,katholou,katholou,katholou,katholou,katholou,katholou,?,katholou,katholou,katholou
273,B,GIRL,1o_GEL_AGRINIOU,katholou,katholou,katholou,katholou,katholou,katholou,katholou,metria,metria,katholou,katholou,katholou,katholou,katholou,katholou,metria,katholou,para_poly,katholou,metria,para_poly,?,katholou,poly
274,C,GIRL,1o_GEL_AGRINIOU,?,ligo,ligo,?,poly,poly,ligo,ligo,katholou,katholou,metria,katholou,katholou,ligo,metria,metria,metria,katholou,ligo,metria,poly,katholou,katholou,para_poly
275,C,GIRL,1o_GEL_AGRINIOU,?,ligo,ligo,?,poly,metria,katholou,katholou,katholou,katholou,metria,katholou,katholou,?,ligo,metria,metria,katholou,katholou,metria,para_poly,katholou,katholou,para_poly
276,C,GIRL,1o_GEL_AGRINIOU,katholou,para_poly,para_poly,ligo,katholou,poly,metria,metria,katholou,metria,katholou,poly,ligo,katholou,katholou,katholou,katholou,katholou,katholou,katholou,?,metria,katholou,katholou
277,B,BOY,1o_GEL_AGRINIOU,ligo,poly,poly,poly,ligo,para_poly,para_poly,katholou,ligo,ligo,katholou,poly,ligo,?,metria,?,katholou,metria,ligo,para_poly,para_poly,metria,ligo,ligo
278,B,GIRL,1o_GEL_AGRINIOU,?,ligo,ligo,?,para_poly,katholou,katholou,katholou,metria,ligo,metria,ligo,katholou,?,para_poly,?,para_poly,katholou,metria,poly,para_poly,?,katholou,para_poly
279,B,GIRL,1o_GEL_AGRINIOU,?,ligo,poly,poly,metria,metria,?,katholou,ligo,ligo,ligo,katholou,katholou,?,para_poly,?,poly,metria,para_poly,ligo,metria,metria,metria,poly
280,B,BOY,1o_GEL_AGRINIOU,?,para_poly,ligo,?,metria,para_poly,para_poly,para_poly,poly,para_poly,ligo,para_poly,poly,?,katholou,?,katholou,metria,poly,para_poly,poly,?,poly,poly
281,B,GIRL,1o_GEL_AGRINIOU,?,para_poly,para_poly,poly,metria,para_poly,ligo,ligo,metria,poly,metria,para_poly,para_poly,katholou,katholou,para_poly,katholou,katholou,poly,metria,ligo,?,metria,metria
282,B,GIRL,1o_GEL_AGRINIOU,ligo,katholou,ligo,ligo,metria,metria,ligo,katholou,ligo,katholou,katholou,ligo,katholou,ligo,metria,metria,metria,ligo,ligo,katholou,metria,?,katholou,poly
283,B,GIRL,1o_GEL_AGRINIOU,ligo,ligo,ligo,ligo,metria,ligo,ligo,katholou,ligo,ligo,katholou,katholou,katholou,ligo,metria,para_poly,metria,metria,ligo,ligo,ligo,?,katholou,poly
284,B,GIRL,1o_GEL_AGRINIOU,ligo,katholou,ligo,?,ligo,para_poly,poly,metria,poly,metria,ligo,para_poly,metria,ligo,ligo,ligo,metria,katholou,metria,para_poly,?,poly,katholou,para_poly
285,B,GIRL,1o_GEL_AGRINIOU,?,para_poly,para_poly,poly,metria,para_poly,katholou,ligo,metria,poly,metria,para_poly,para_poly,katholou,katholou,para_poly,katholou,katholou,poly,metria,?,?,metria,metria
286,B,BOY,1o_GEL_AGRINIOU,?,para_poly,metria,poly,poly,para_poly,para_poly,para_poly,?,para_poly,poly,para_poly,para_poly,?,poly,?,metria,poly,para_poly,para_poly,poly,?,para_poly,para_poly
287,B,BOY,1o_GEL_AGRINIOU,ligo,poly,poly,ligo,metria,para_poly,para_poly,metria,ligo,metria,metria,poly,ligo,?,katholou,metria,katholou,katholou,metria,poly,metria,?,metria,ligo
288,B,GIRL,1o_GEL_AGRINIOU,?,para_poly,para_poly,para_poly,ligo,para_poly,ligo,ligo,metria,para_poly,ligo,para_poly,para_poly,katholou,ligo,para_poly,katholou,katholou,poly,ligo,metria,?,poly,metria
289,C,BOY,1o_GEL_AGRINIOU,katholou,para_poly,para_poly,para_poly,ligo,poly,para_poly,katholou,?,ligo,para_poly,katholou,katholou,para_poly,katholou,metria,katholou,poly,para_poly,katholou,para_poly,katholou,katholou,para_poly
290,C,GIRL,1o_GEL_AGRINIOU,katholou,para_poly,para_poly,para_poly,para_poly,metria,ligo,katholou,katholou,katholou,katholou,para_poly,katholou,katholou,ligo,para_poly,katholou,ligo,metria,para_poly,ligo,katholou,katholou,poly
291,C,BOY,1o_GEL_AGRINIOU,ligo,katholou,katholou,ligo,katholou,poly,ligo,ligo,katholou,katholou,poly,katholou,katholou,para_poly,poly,katholou,poly,ligo,metria,para_poly,para_poly,?,ligo,metria
292,C,BOY,1o_GEL_AGRINIOU,katholou,para_poly,para_poly,para_poly,ligo,poly,para_poly,katholou,?,ligo,para_poly,para_poly,katholou,para_poly,katholou,metria,katholou,poly,para_poly,katholou,para_poly,katholou,katholou,para_poly
293,C,BOY,1o_GEL_AGRINIOU,ligo,metria,ligo,katholou,metria,para_poly,poly,para_poly,katholou,ligo,katholou,para_poly,para_poly,katholou,katholou,metria,katholou,katholou,katholou,katholou,?,metria,katholou,metria
294,C,GIRL,1o_GEL_AGRINIOU,katholou,poly,poly,?,katholou,katholou,para_poly,katholou,katholou,?,para_poly,ligo,katholou,para_poly,poly,metria,para_poly,katholou,para_poly,katholou,?,?,poly,para_poly
295,C,GIRL,1o_GEL_AGRINIOU,katholou,katholou,ligo,poly,poly,para_poly,katholou,katholou,katholou,katholou,ligo,katholou,katholou,poly,ligo,?,para_poly,katholou,katholou,para_poly,?,katholou,katholou,para_poly
296,C,BOY,1o_GEL_AGRINIOU,katholou,ligo,katholou,?,poly,para_poly,para_poly,para_poly,katholou,katholou,katholou,para_poly,para_poly,katholou,katholou,metria,katholou,katholou,katholou,metria,?,metria,ligo,katholou
297,C,GIRL,1o_GEL_AGRINIOU,?,ligo,ligo,para_poly,para_poly,metria,katholou,katholou,metria,katholou,metria,katholou,katholou,poly,para_poly,para_poly,poly,para_poly,metria,para_poly,para_poly,katholou,para_poly,para_poly
298,C,BOY,1o_GEL_AGRINIOU,katholou,metria,katholou,ligo,metria,para_poly,poly,metria,katholou,katholou,katholou,para_poly,metria,ligo,katholou,ligo,katholou,poly,metria,para_poly,?,metria,katholou,metria
299,C,BOY,1o_GEL_AGRINIOU,katholou,poly,poly,poly,ligo,katholou,katholou,katholou,katholou,katholou,katholou,katholou,ligo,katholou,katholou,?,katholou,katholou,katholou,katholou,para_poly,katholou,katholou,katholou
300,C,BOY,1o_GEL_AGRINIOU,ligo,ligo,ligo,poly,metria,poly,poly,metria,metria,katholou,ligo,ligo,ligo,poly,poly,?,metria,metria,para_poly,para_poly,?,?,poly,metria
301,C,BOY,1o_GEL_AGRINIOU,katholou,katholou,katholou,katholou,katholou,katholou,katholou,katholou,katholou,katholou,katholou,katholou,katholou,katholou,katholou,katholou,katholou,katholou,katholou,katholou,?,katholou,katholou,katholou
302,C,GIRL,1o_GEL_AGRINIOU,ligo,para_poly,ligo,para_poly,metria,poly,poly,katholou,metria,katholou,katholou,poly,metria,ligo,metria,?,katholou,ligo,ligo,poly,para_poly,?,katholou,ligo
303,C,BOY,1o_GEL_AGRINIOU,katholou,katholou,katholou,katholou,ligo,katholou,katholou,katholou,katholou,katholou,katholou,katholou,katholou,katholou,katholou,katholou,katholou,katholou,ligo,para_poly,?,katholou,katholou,para_poly
304,C,BOY,1o_GEL_AGRINIOU,katholou,para_poly,para_poly,ligo,katholou,ligo,poly,para_poly,katholou,metria,metria,para_poly,metria,katholou,katholou,katholou,katholou,ligo,katholou,metria,?,metria,katholou,katholou
305,C,BOY,1o_GEL_AGRINIOU,katholou,katholou,katholou,katholou,katholou,para_poly,para_poly,katholou,katholou,katholou,katholou,katholou,katholou,katholou,katholou,katholou,katholou,katholou,katholou,katholou,?,katholou,katholou,katholou
306,C,BOY,1o_GEL_AGRINIOU,para_poly,para_poly,para_poly,para_poly,para_poly,para_poly,para_poly,para_poly,?,para_poly,para_poly,para_poly,para_poly,para_poly,para_poly,para_poly,para_poly,para_poly,para_poly,para_poly,para_poly,?,para_poly,para_poly
307,C,GIRL,1o_GEL_AGRINIOU,katholou,ligo,katholou,poly,metria,katholou,metria,ligo,?,katholou,poly,ligo,katholou,?,poly,metria,poly,poly,para_poly,ligo,para_poly,?,katholou,para_poly
308,C,GIRL,1o_GEL_AGRINIOU,katholou,ligo,ligo,?,metria,metria,ligo,ligo,poly,metria,katholou,metria,metria,?,metria,?,para_poly,metria,ligo,poly,poly,poly,katholou,para_poly
309,C,GIRL,1o_GEL_AGRINIOU,?,katholou,katholou,para_poly,para_poly,katholou,ligo,katholou,metria,katholou,katholou,ligo,katholou,para_poly,poly,metria,poly,metria,katholou,para_poly,?,katholou,katholou,poly
310,C,GIRL,1o_GEL_AGRINIOU,ligo,katholou,ligo,ligo,para_poly,ligo,katholou,katholou,ligo,ligo,katholou,katholou,ligo,para_poly,poly,para_poly,poly,ligo,metria,katholou,metria,?,katholou,para_poly
311,C,BOY,1o_GEL_AGRINIOU,katholou,para_poly,poly,para_poly,metria,katholou,poly,ligo,metria,katholou,para_poly,metria,metria,katholou,metria,metria,katholou,ligo,metria,poly,para_poly,?,metria,para_poly
312,C,BOY,1o_GEL_AGRINIOU,katholou,para_poly,poly,para_poly,metria,katholou,poly,ligo,metria,katholou,para_poly,poly,metria,katholou,metria,?,katholou,metria,metria,poly,para_poly,?,metria,para_poly
313,C,GIRL,1o_GEL_AGRINIOU,para_poly,katholou,katholou,?,para_poly,poly,metria,ligo,ligo,katholou,metria,katholou,katholou,katholou,katholou,ligo,katholou,katholou,ligo,para_poly,para_poly,katholou,katholou,poly
314,C,GIRL,1o_GEL_AGRINIOU,ligo,ligo,katholou,poly,ligo,poly,ligo,metria,metria,ligo,ligo,katholou,ligo,poly,metria,metria,metria,ligo,ligo,poly,poly,katholou,ligo,para_poly
315,C,GIRL,1o_GEL_AGRINIOU,poly,metria,katholou,para_poly,ligo,metria,metria,metria,ligo,?,?,ligo,?,ligo,ligo,?,?,ligo,metria,ligo,metria,poly,?,poly
316,C,BOY,1o_GEL_AGRINIOU,katholou,ligo,metria,para_poly,para_poly,katholou,katholou,katholou,metria,katholou,katholou,ligo,katholou,?,katholou,?,poly,katholou,katholou,katholou,poly,katholou,katholou,para_poly
317,C,BOY,1o_GEL_AGRINIOU,katholou,poly,poly,ligo,ligo,para_poly,poly,poly,katholou,ligo,katholou,para_poly,metria,katholou,katholou,ligo,katholou,katholou,ligo,ligo,metria,poly,katholou,metria
318,C,GIRL,1o_GEL_AGRINIOU,para_poly,katholou,katholou,para_poly,para_poly,para_poly,metria,katholou,ligo,katholou,metria,katholou,katholou,katholou,katholou,ligo,katholou,katholou,katholou,para_poly,ligo,metria,katholou,para_poly
319,C,BOY,1o_GEL_AGRINIOU,?,metria,metria,poly,ligo,ligo,ligo,poly,metria,katholou,katholou,poly,ligo,poly,poly,para_poly,katholou,ligo,para_poly,para_poly,ligo,katholou,ligo,ligo
320,C,GIRL,1o_GEL_AGRINIOU,poly,katholou,ligo,poly,metria,para_poly,katholou,ligo,ligo,katholou,ligo,katholou,katholou,?,metria,?,para_poly,ligo,katholou,metria,poly,katholou,katholou,para_poly
321,C,GIRL,1o_GEL_AGRINIOU,poly,metria,metria,?,metria,para_poly,metria,katholou,katholou,?,?,metria,?,?,para_poly,para_poly,metria,katholou,ligo,para_poly,poly,?,?,para_poly
322,C,BOY,1o_GEL_AGRINIOU,katholou,metria,katholou,ligo,katholou,para_poly,poly,para_poly,katholou,ligo,ligo,ligo,ligo,katholou,katholou,metria,katholou,katholou,katholou,ligo,?,metria,metria,katholou
323,C,BOY,1o_GEL_AGRINIOU,para_poly,para_poly,para_poly,para_poly,para_poly,para_poly,para_poly,para_poly,?,para_poly,para_poly,para_poly,para_poly,para_poly,para_poly,para_poly,para_poly,para_poly,para_poly,para_poly,para_poly,?,para_poly,para_poly
324,C,GIRL,1o_GEL_AGRINIOU,?,ligo,katholou,?,metria,poly,?,metria,metria,?,ligo,katholou,?,?,metria,metria,metria,ligo,ligo,para_poly,para_poly,?,?,para_poly
325,C,BOY,1o_GEL_AGRINIOU,katholou,katholou,katholou,katholou,katholou,katholou,katholou,katholou,katholou,katholou,katholou,katholou,katholou,katholou,katholou,katholou,katholou,katholou,katholou,katholou,para_poly,katholou,katholou,katholou
326,C,GIRL,1o_GEL_AGRINIOU,poly,katholou,ligo,poly,poly,para_poly,katholou,para_poly,poly,metria,metria,ligo,katholou,poly,metria,para_poly,para_poly,poly,?,para_poly,poly,katholou,katholou,para_poly
327,C,BOY,1o_GEL_AGRINIOU,katholou,katholou,katholou,katholou,katholou,katholou,katholou,katholou,katholou,katholou,katholou,katholou,katholou,katholou,katholou,katholou,katholou,katholou,katholou,katholou,para_poly,katholou,katholou,para_poly
328,C,GIRL,1o_GEL_AGRINIOU,ligo,para_poly,katholou,para_poly,katholou,para_poly,para_poly,metria,metria,katholou,poly,para_poly,katholou,katholou,katholou,metria,katholou,metria,ligo,para_poly,poly,?,katholou,poly
329,C,GIRL,1o_GEL_AGRINIOU,ligo,para_poly,katholou,para_poly,katholou,para_poly,para_poly,metria,metria,katholou,poly,para_poly,katholou,katholou,katholou,metria,katholou,metria,ligo,para_poly,poly,?,katholou,para_poly
330,C,GIRL,1o_GEL_AGRINIOU,ligo,katholou,katholou,poly,ligo,poly,?,ligo,ligo,ligo,ligo,katholou,?,?,metria,metria,metria,ligo,katholou,para_poly,poly,?,?,para_poly
331,C,GIRL,1o_GEL_AGRINIOU,ligo,katholou,katholou,poly,ligo,poly,?,ligo,ligo,ligo,ligo,katholou,?,?,metria,metria,metria,ligo,katholou,para_poly,poly,?,?,para_poly
332,C,GIRL,1o_GEL_AGRINIOU,ligo,katholou,katholou,poly,ligo,poly,?,ligo,ligo,ligo,ligo,katholou,?,?,metria,metria,metria,ligo,katholou,para_poly,poly,?,?,para_poly
333,C,GIRL,1o_GEL_AGRINIOU,para_poly,para_poly,para_poly,para_poly,para_poly,para_poly,?,?,?,?,para_poly,para_poly,?,para_poly,para_poly,para_poly,para_poly,para_poly,para_poly,para_poly,para_poly,?,?,para_poly
334,C,BOY,1o_GEL_AGRINIOU,katholou,para_poly,katholou,katholou,poly,para_poly,para_poly,katholou,metria,metria,ligo,para_poly,para_poly,ligo,katholou,?,katholou,katholou,poly,para_poly,ligo,metria,ligo,poly
335,C,BOY,1o_GEL_AGRINIOU,katholou,para_poly,metria,para_poly,metria,ligo,metria,metria,metria,ligo,poly,poly,metria,katholou,metria,?,katholou,poly,metria,metria,para_poly,?,ligo,para_poly
336,C,BOY,1o_GEL_AGRINIOU,ligo,metria,?,ligo,metria,poly,poly,?,ligo,?,?,poly,poly,?,katholou,metria,?,?,?,para_poly,?,metria,?,?
337,C,GIRL,1o_GEL_AGRINIOU,katholou,metria,?,katholou,ligo,poly,?,?,metria,?,?,katholou,?,katholou,katholou,ligo,metria,?,?,poly,?,?,?,?
338,C,GIRL,1o_GEL_AGRINIOU,?,katholou,?,para_poly,para_poly,poly,?,?,ligo,?,?,katholou,?,para_poly,poly,metria,poly,?,?,para_poly,?,?,?,?
339,B,GIRL,GEL_THERMOU,ligo,para_poly,katholou,ligo,metria,poly,metria,ligo,ligo,metria,katholou,poly,poly,katholou,katholou,metria,katholou,metria,ligo,metria,poly,?,katholou,poly
340,B,BOY,GEL_THERMOU,ligo,poly,?,para_poly,metria,para_poly,para_poly,para_poly,?,metria,ligo,metria,poly,ligo,katholou,katholou,?,poly,metria,ligo,?,katholou,?,?
341,B,BOY,GEL_THERMOU,poly,metria,metria,poly,ligo,para_poly,para_poly,para_poly,ligo,metria,metria,ligo,ligo,?,metria,ligo,poly,metria,metria,poly,ligo,katholou,poly,?
342,B,BOY,GEL_THERMOU,para_poly,katholou,katholou,para_poly,katholou,katholou,para_poly,katholou,?,katholou,katholou,para_poly,katholou,para_poly,para_poly,katholou,para_poly,para_poly,para_poly,katholou,para_poly,?,katholou,poly
343,B,BOY,GEL_THERMOU,?,ligo,katholou,poly,ligo,ligo,metria,katholou,metria,ligo,katholou,katholou,ligo,poly,poly,metria,para_poly,ligo,ligo,para_poly,ligo,?,ligo,katholou
344,B,BOY,GEL_THERMOU,poly,poly,poly,?,ligo,para_poly,poly,poly,katholou,ligo,?,poly,?,ligo,katholou,ligo,?,poly,?,para_poly,poly,metria,?,?
345,B,BOY,GEL_THERMOU,para_poly,poly,poly,para_poly,katholou,metria,para_poly,katholou,katholou,katholou,para_poly,para_poly,katholou,?,katholou,metria,katholou,metria,para_poly,metria,para_poly,katholou,katholou,ligo
346,B,GIRL,GEL_THERMOU,para_poly,katholou,metria,para_poly,para_poly,?,para_poly,para_poly,?,para_poly,para_poly,katholou,?,para_poly,katholou,para_poly,?,para_poly,katholou,para_poly,poly,?,?,para_poly
347,B,GIRL,GEL_THERMOU,para_poly,katholou,ligo,ligo,para_poly,para_poly,katholou,katholou,ligo,katholou,metria,katholou,katholou,para_poly,poly,metria,para_poly,ligo,para_poly,para_poly,metria,?,katholou,para_poly
348,B,GIRL,GEL_THERMOU,para_poly,katholou,metria,para_poly,ligo,poly,poly,para_poly,?,poly,metria,katholou,katholou,poly,metria,?,para_poly,para_poly,metria,poly,para_poly,poly,katholou,para_poly
349,B,GIRL,GEL_THERMOU,?,katholou,ligo,ligo,ligo,poly,ligo,katholou,katholou,ligo,metria,katholou,katholou,ligo,metria,metria,para_poly,metria,ligo,ligo,metria,metria,katholou,metria
350,B,GIRL,GEL_THERMOU,katholou,poly,para_poly,?,katholou,ligo,ligo,katholou,katholou,ligo,katholou,para_poly,poly,katholou,katholou,?,katholou,katholou,ligo,para_poly,?,katholou,katholou,katholou
351,B,BOY,GEL_THERMOU,poly,ligo,metria,ligo,ligo,poly,metria,metria,ligo,ligo,ligo,katholou,ligo,?,ligo,ligo,metria,metria,metria,poly,ligo,metria,ligo,ligo
352,B,BOY,GEL_THERMOU,poly,ligo,ligo,poly,ligo,para_poly,poly,para_poly,ligo,?,ligo,ligo,?,?,metria,ligo,poly,metria,metria,para_poly,ligo,?,poly,katholou
353,B,GIRL,GEL_THERMOU,?,poly,para_poly,para_poly,ligo,para_poly,para_poly,poly,?,metria,para_poly,metria,?,?,metria,metria,?,poly,?,para_poly,para_poly,?,?,?
354,B,BOY,GEL_THERMOU,ligo,para_poly,ligo,para_poly,katholou,para_poly,para_poly,para_poly,?,poly,?,para_poly,poly,ligo,katholou,katholou,?,metria,metria,ligo,?,?,?,?
355,B,GIRL,GEL_THERMOU,ligo,para_poly,katholou,katholou,metria,metria,metria,ligo,poly,para_poly,katholou,para_poly,poly,ligo,katholou,?,katholou,metria,?,katholou,?,?,katholou,ligo
356,B,BOY,GEL_THERMOU,para_poly,para_poly,poly,?,poly,metria,ligo,ligo,ligo,metria,katholou,metria,?,?,poly,?,metria,metria,poly,para_poly,ligo,metria,metria,ligo
357,B,GIRL,GEL_THERMOU,?,katholou,katholou,?,ligo,poly,ligo,katholou,katholou,katholou,metria,katholou,katholou,?,metria,metria,para_poly,ligo,ligo,ligo,poly,?,katholou,poly
358,B,GIRL,GEL_THERMOU,para_poly,katholou,metria,para_poly,metria,poly,poly,metria,?,para_poly,para_poly,para_poly,katholou,para_poly,metria,para_poly,para_poly,para_poly,metria,para_poly,para_poly,?,metria,para_poly
359,C,GIRL,GEL_THERMOU,katholou,para_poly,para_poly,para_poly,katholou,katholou,?,katholou,?,?,katholou,para_poly,?,katholou,katholou,?,?,katholou,?,para_poly,?,?,?,ligo
360,B,BOY,GEL_THERMOU,poly,ligo,metria,poly,ligo,para_poly,para_poly,poly,?,ligo,metria,ligo,ligo,?,metria,ligo,poly,metria,poly,poly,ligo,?,poly,ligo
361,B,BOY,GEL_THERMOU,poly,katholou,katholou,poly,katholou,katholou,katholou,katholou,katholou,katholou,katholou,katholou,katholou,poly,poly,metria,para_poly,metria,metria,para_poly,?,katholou,katholou,katholou
362,B,GIRL,GEL_THERMOU,katholou,katholou,katholou,ligo,metria,ligo,ligo,katholou,ligo,katholou,metria,katholou,katholou,ligo,poly,para_poly,para_poly,katholou,katholou,metria,metria,katholou,katholou,para_poly
363,B,BOY,GEL_THERMOU,poly,ligo,ligo,poly,metria,para_poly,para_poly,para_poly,?,katholou,metria,ligo,katholou,?,metria,ligo,poly,metria,metria,poly,metria,?,poly,ligo
364,C,BOY,GEL_PARAVOLAS,?,poly,?,poly,poly,?,poly,?,metria,poly,?,para_poly,poly,?,katholou,?,?,?,?,para_poly,?,?,?,?
365,C,GIRL,GEL_PARAVOLAS,para_poly,katholou,?,katholou,katholou,?,?,?,metria,poly,?,para_poly,poly,ligo,poly,?,?,?,?,para_poly,?,?,?,?
366,C,GIRL,GEL_PARAVOLAS,poly,para_poly,?,?,katholou,?,para_poly,?,metria,?,poly,para_poly,para_poly,poly,?,para_poly,?,?,?,poly,?,?,?,?
367,B,GIRL,GEL_THERMOU,katholou,poly,para_poly,?,ligo,metria,metria,metria,katholou,metria,metria,para_poly,poly,katholou,katholou,metria,katholou,metria,?,katholou,metria,metria,katholou,para_poly
368,B,GIRL,GEL_THERMOU,katholou,poly,para_poly,?,ligo,metria,metria,metria,katholou,metria,metria,para_poly,poly,katholou,katholou,metria,katholou,metria,?,katholou,metria,metria,katholou,para_poly
369,B,GIRL,GEL_THERMOU,katholou,poly,para_poly,?,ligo,metria,metria,metria,katholou,metria,metria,para_poly,poly,katholou,katholou,metria,katholou,metria,?,katholou,metria,metria,katholou,para_poly
370,C,GIRL,GEL_PARAVOLAS,?,ligo,?,ligo,ligo,?,poly,?,ligo,para_poly,?,para_poly,para_poly,ligo,katholou,?,?,?,katholou,para_poly,?,?,?,?
371,C,GIRL,GEL_PARAVOLAS,poly,katholou,?,?,poly,?,?,?,metria,para_poly,?,para_poly,?,para_poly,para_poly,metria,poly,?,?,ligo,?,?,?,?
372,C,GIRL,GEL_PARAVOLAS,para_poly,poly,?,katholou,katholou,katholou,poly,?,katholou,para_poly,?,para_poly,para_poly,?,katholou,para_poly,?,katholou,katholou,para_poly,?,?,?,?
373,C,GIRL,GEL_PARAVOLAS,para_poly,poly,?,katholou,katholou,katholou,poly,?,katholou,para_poly,?,para_poly,para_poly,?,katholou,para_poly,?,katholou,katholou,para_poly,?,?,?,?
374,C,GIRL,GEL_PARAVOLAS,?,katholou,?,poly,katholou,?,?,?,ligo,ligo,?,katholou,ligo,poly,para_poly,metria,para_poly,?,?,para_poly,?,?,?,?
375,C,GIRL,GEL_PARAVOLAS,poly,katholou,?,?,para_poly,?,?,?,poly,para_poly,?,?,para_poly,para_poly,para_poly,para_poly,metria,?,?,para_poly,?,?,?,?
376,C,GIRL,GEL_PARAVOLAS,poly,katholou,?,?,para_poly,?,?,?,poly,para_poly,?,?,para_poly,para_poly,para_poly,para_poly,metria,?,?,para_poly,?,?,?,?
377,C,GIRL,GEL_PARAVOLAS,para_poly,katholou,?,para_poly,metria,?,?,?,metria,?,?,?,katholou,para_poly,metria,?,?,?,?,para_poly,?,?,?,?
378,C,GIRL,GEL_PARAVOLAS,poly,katholou,?,para_poly,ligo,?,poly,?,metria,?,?,poly,ligo,poly,metria,para_poly,?,?,?,poly,?,poly,?,?
379,C,GIRL,GEL_PARAVOLAS,poly,katholou,?,para_poly,ligo,?,poly,?,metria,?,?,poly,ligo,poly,metria,para_poly,?,?,?,poly,?,poly,?,?
380,A,GIRL,1o_GEL_AGRINIOU,katholou,metria,para_poly,poly,para_poly,para_poly,?,poly,poly,metria,para_poly,ligo,poly,?,para_poly,?,metria,para_poly,ligo,ligo,para_poly,metria,ligo,para_poly
381,A,GIRL,1o_GEL_AGRINIOU,katholou,metria,para_poly,poly,poly,poly,?,para_poly,poly,para_poly,para_poly,poly,poly,?,ligo,ligo,metria,katholou,poly,katholou,para_poly,?,?,poly
382,A,GIRL,1o_GEL_AGRINIOU,?,metria,metria,?,metria,para_poly,?,metria,?,metria,katholou,para_poly,para_poly,ligo,katholou,?,katholou,katholou,katholou,para_poly,metria,poly,?,para_poly
383,A,GIRL,1o_GEL_AGRINIOU,?,metria,metria,?,metria,para_poly,?,metria,?,metria,katholou,para_poly,para_poly,ligo,katholou,?,katholou,katholou,katholou,para_poly,metria,poly,?,para_poly
384,A,GIRL,1o_GEL_AGRINIOU,?,metria,metria,?,metria,para_poly,?,metria,?,metria,katholou,para_poly,para_poly,ligo,katholou,?,katholou,katholou,katholou,para_poly,metria,poly,?,para_poly
385,A,GIRL,1o_GEL_AGRINIOU,?,metria,poly,ligo,metria,poly,?,metria,poly,poly,para_poly,ligo,ligo,?,metria,metria,poly,ligo,ligo,ligo,para_poly,?,katholou,para_poly
386,A,GIRL,1o_GEL_AGRINIOU,katholou,metria,para_poly,poly,poly,poly,?,katholou,metria,metria,ligo,para_poly,para_poly,?,ligo,metria,katholou,poly,metria,para_poly,metria,?,katholou,para_poly
387,C,BOY,GEL_PARAVOLAS,poly,para_poly,?,para_poly,poly,?,para_poly,?,metria,poly,?,para_poly,para_poly,?,?,?,?,?,?,para_poly,?,?,?,?
388,C,GIRL,GEL_PARAVOLAS,?,katholou,?,poly,metria,?,?,?,metria,para_poly,?,?,para_poly,para_poly,para_poly,?,poly,?,?,ligo,?,?,?,?
389,C,GIRL,GEL_PARAVOLAS,poly,poly,?,?,katholou,?,poly,?,katholou,para_poly,?,poly,para_poly,katholou,?,?,?,?,?,metria,?,?,?,?
390,C,GIRL,GEL_PARAVOLAS,poly,katholou,?,ligo,para_poly,?,?,?,ligo,?,para_poly,?,ligo,para_poly,metria,?,metria,?,?,poly,?,?,?,?
391,C,GIRL,GEL_PARAVOLAS,?,ligo,?,para_poly,metria,?,?,?,metria,?,para_poly,?,ligo,poly,metria,?,?,?,?,para_poly,?,?,?,?
392,C,GIRL,GEL_PARAVOLAS,para_poly,katholou,?,para_poly,katholou,?,?,?,poly,?,poly,?,para_poly,poly,poly,?,metria,?,?,para_poly,?,?,?,?
393,C,GIRL,GEL_PARAVOLAS,poly,katholou,?,para_poly,katholou,?,metria,?,poly,?,poly,metria,metria,poly,?,para_poly,?,?,?,para_poly,?,poly,?,?
394,C,GIRL,GEL_PARAVOLAS,ligo,katholou,?,para_poly,katholou,?,?,?,katholou,?,katholou,?,katholou,para_poly,metria,?,?,?,?,poly,?,?,?,?
395,C,GIRL,GEL_PARAVOLAS,poly,katholou,?,para_poly,metria,?,?,?,katholou,?,metria,?,katholou,para_poly,metria,metria,?,?,?,para_poly,?,?,?,?
396,C,BOY,GEL_THERMOU,katholou,poly,ligo,ligo,para_poly,para_poly,para_poly,para_poly,ligo,metria,katholou,poly,para_poly,ligo,ligo,metria,katholou,katholou,katholou,ligo,?,metria,katholou,katholou
397,C,BOY,GEL_THERMOU,katholou,poly,katholou,ligo,para_poly,para_poly,para_poly,para_poly,ligo,poly,katholou,para_poly,para_poly,ligo,katholou,metria,katholou,katholou,katholou,katholou,?,poly,katholou,?
398,C,BOY,GEL_THERMOU,?,metria,metria,poly,poly,para_poly,para_poly,metria,ligo,metria,ligo,metria,poly,?,ligo,ligo,metria,ligo,metria,metria,ligo,?,ligo,poly
399,C,BOY,GEL_THERMOU,?,para_poly,para_poly,katholou,poly,para_poly,para_poly,para_poly,katholou,ligo,para_poly,para_poly,para_poly,poly,ligo,katholou,katholou,katholou,ligo,ligo,metria,katholou,katholou,para_poly
400,C,BOY,KATEFTHINSI,ligo,ligo,katholou,katholou,metria,para_poly,para_poly,poly,katholou,ligo,katholou,metria,katholou,katholou,katholou,katholou,katholou,katholou,metria,poly,?,?,katholou,katholou
401,C,GIRL,KATEFTHINSI,ligo,katholou,katholou,katholou,metria,ligo,katholou,ligo,ligo,katholou,katholou,katholou,katholou,?,metria,metria,metria,ligo,katholou,ligo,ligo,?,katholou,ligo
402,C,GIRL,KATEFTHINSI,?,metria,ligo,?,para_poly,metria,katholou,metria,poly,para_poly,metria,metria,poly,poly,metria,?,?,poly,para_poly,metria,metria,poly,para_poly,metria
403,C,BOY,GEL_THERMOU,?,?,?,?,?,?,?,para_poly,?,poly,?,?,?,?,metria,?,?,?,?,?,ligo,?,?,?
404,C,GIRL,GEL_THERMOU,ligo,para_poly,metria,poly,metria,poly,metria,poly,katholou,ligo,poly,poly,metria,?,katholou,metria,katholou,katholou,metria,katholou,?,?,katholou,metria
405,C,BOY,THEMELIO,ligo,poly,metria,poly,para_poly,poly,para_poly,poly,metria,ligo,katholou,poly,metria,ligo,metria,metria,?,ligo,poly,metria,poly,?,katholou,metria
406,C,GIRL,GEL_THERMOU,poly,katholou,metria,poly,metria,ligo,katholou,ligo,ligo,?,metria,ligo,?,?,poly,?,para_poly,katholou,ligo,metria,ligo,metria,?,metria
407,C,BOY,KATEFTHINSI,poly,metria,katholou,katholou,para_poly,metria,katholou,katholou,?,metria,katholou,poly,katholou,poly,para_poly,para_poly,?,para_poly,poly,katholou,para_poly,?,katholou,poly
408,C,GIRL,KATEFTHINSI,katholou,para_poly,poly,?,ligo,poly,metria,para_poly,ligo,?,?,para_poly,para_poly,katholou,katholou,metria,?,ligo,metria,para_poly,metria,poly,ligo,?
409,C,GIRL,1o_GEL_AGRINIOU,?,katholou,katholou,ligo,ligo,poly,katholou,ligo,ligo,katholou,katholou,katholou,katholou,poly,metria,metria,para_poly,poly,metria,metria,ligo,katholou,katholou,poly
410,C,GIRL,KATEFTHINSI,ligo,metria,metria,para_poly,poly,katholou,metria,katholou,poly,katholou,para_poly,katholou,katholou,para_poly,metria,katholou,?,katholou,para_poly,katholou,para_poly,katholou,metria,para_poly
411,C,GIRL,KATEFTHINSI,ligo,metria,metria,para_poly,poly,katholou,metria,katholou,poly,katholou,para_poly,katholou,katholou,para_poly,metria,katholou,?,katholou,para_poly,katholou,para_poly,katholou,metria,para_poly
412,C,GIRL,KATEFTHINSI,ligo,metria,metria,para_poly,poly,katholou,metria,metria,metria,katholou,para_poly,katholou,katholou,para_poly,metria,ligo,?,katholou,para_poly,ligo,para_poly,katholou,metria,poly
413,C,GIRL,KATEFTHINSI,ligo,katholou,metria,ligo,ligo,katholou,katholou,katholou,?,katholou,katholou,katholou,katholou,katholou,poly,para_poly,poly,metria,katholou,katholou,?,katholou,katholou,para_poly
414,C,BOY,KATEFTHINSI,katholou,para_poly,?,?,ligo,katholou,ligo,?,ligo,?,?,para_poly,poly,ligo,katholou,metria,?,?,?,ligo,?,katholou,?,?
415,C,GIRL,KATEFTHINSI,?,katholou,katholou,poly,para_poly,ligo,para_poly,metria,ligo,ligo,poly,metria,ligo,katholou,poly,metria,poly,metria,metria,ligo,poly,katholou,ligo,ligo
416,B,GIRL,KATEFTHINSI,katholou,metria,katholou,ligo,poly,ligo,ligo,katholou,metria,katholou,katholou,ligo,katholou,?,metria,ligo,metria,katholou,poly,metria,poly,katholou,katholou,para_poly
417,B,BOY,KATEFTHINSI,?,metria,ligo,ligo,ligo,para_poly,poly,ligo,ligo,metria,ligo,metria,metria,ligo,katholou,metria,katholou,metria,ligo,para_poly,?,metria,poly,katholou
418,C,BOY,KATEFTHINSI,ligo,para_poly,ligo,?,ligo,poly,metria,ligo,ligo,poly,ligo,poly,metria,ligo,katholou,metria,katholou,metria,metria,poly,?,?,ligo,katholou
419,C,BOY,KATEFTHINSI,katholou,poly,katholou,ligo,poly,ligo,ligo,ligo,poly,poly,katholou,katholou,katholou,?,katholou,metria,katholou,metria,katholou,poly,para_poly,metria,katholou,poly
420,C,BOY,KATEFTHINSI,?,para_poly,ligo,?,ligo,poly,ligo,metria,metria,poly,metria,poly,poly,?,katholou,?,katholou,ligo,metria,para_poly,?,?,katholou,ligo
421,C,BOY,1o_GEL_AGRINIOU,katholou,poly,metria,katholou,katholou,para_poly,para_poly,poly,katholou,katholou,katholou,metria,ligo,katholou,katholou,ligo,katholou,katholou,katholou,katholou,?,katholou,katholou,katholou
422,C,GIRL,KATEFTHINSI,katholou,metria,metria,poly,para_poly,para_poly,para_poly,katholou,metria,para_poly,katholou,poly,para_poly,poly,metria,?,katholou,katholou,ligo,para_poly,poly,?,katholou,metria
423,C,BOY,KATEFTHINSI,poly,para_poly,para_poly,para_poly,katholou,poly,poly,para_poly,poly,metria,metria,para_poly,poly,katholou,katholou,katholou,katholou,poly,metria,ligo,para_poly,poly,poly,poly
424,C,BOY,KATEFTHINSI,poly,para_poly,para_poly,para_poly,katholou,poly,poly,para_poly,poly,metria,metria,para_poly,poly,katholou,katholou,katholou,katholou,poly,metria,ligo,para_poly,poly,poly,poly
425,C,BOY,THEMELIO,poly,metria,ligo,ligo,poly,para_poly,metria,para_poly,?,para_poly,poly,metria,metria,ligo,katholou,para_poly,?,para_poly,poly,ligo,para_poly,metria,metria,para_poly
426,C,GIRL,KATEFTHINSI,?,para_poly,?,?,?,?,poly,?,?,metria,?,para_poly,para_poly,?,?,para_poly,?,?,?,?,?,?,?,?
427,C,GIRL,KATEFTHINSI,?,para_poly,?,?,?,?,poly,?,?,metria,?,para_poly,para_poly,?,?,para_poly,?,?,?,para_poly,?,?,?,?
428,C,GIRL,KATEFTHINSI,?,para_poly,?,?,?,?,para_poly,?,?,poly,?,para_poly,para_poly,?,?,para_poly,?,?,?,?,?,?,?,?
429,C,GIRL,KATEFTHINSI,?,katholou,?,?,?,?,metria,?,?,katholou,?,ligo,katholou,?,?,?,?,?,?,?,?,poly,?,?
430,C,BOY,KATEFTHINSI,ligo,poly,metria,ligo,metria,ligo,metria,ligo,ligo,metria,katholou,ligo,metria,?,katholou,metria,katholou,ligo,metria,poly,poly,?,ligo,ligo
431,C,BOY,KATEFTHINSI,poly,metria,ligo,?,metria,poly,poly,poly,katholou,metria,katholou,ligo,poly,katholou,katholou,metria,katholou,katholou,poly,para_poly,ligo,?,katholou,poly
432,C,BOY,KATEFTHINSI,ligo,poly,katholou,ligo,ligo,metria,metria,ligo,katholou,poly,katholou,ligo,metria,ligo,katholou,metria,katholou,ligo,poly,poly,ligo,?,katholou,ligo
433,C,BOY,KATEFTHINSI,katholou,katholou,katholou,katholou,katholou,katholou,katholou,katholou,?,para_poly,katholou,katholou,katholou,katholou,katholou,katholou,katholou,para_poly,katholou,para_poly,?,?,katholou,ligo
434,C,BOY,KATEFTHINSI,para_poly,para_poly,para_poly,para_poly,para_poly,para_poly,para_poly,para_poly,?,para_poly,para_poly,para_poly,para_poly,para_poly,para_poly,para_poly,para_poly,para_poly,para_poly,para_poly,para_poly,?,para_poly,para_poly
435,C,GIRL,KATEFTHINSI,?,metria,metria,?,para_poly,para_poly,para_poly,katholou,metria,para_poly,katholou,poly,para_poly,poly,ligo,?,katholou,katholou,katholou,para_poly,metria,katholou,katholou,ligo
436,C,BOY,GEL_THERMOU,poly,metria,para_poly,para_poly,para_poly,para_poly,ligo,metria,ligo,poly,ligo,metria,katholou,katholou,poly,metria,katholou,katholou,poly,poly,ligo,poly,ligo,ligo
437,C,BOY,KATEFTHINSI,?,poly,ligo,ligo,metria,metria,metria,para_poly,metria,ligo,para_poly,poly,metria,?,ligo,?,katholou,metria,poly,poly,metria,metria,ligo,metria
438,C,GIRL,GEL_MYRINAS,poly,metria,ligo,?,poly,metria,metria,para_poly,ligo,katholou,para_poly,para_poly,metria,katholou,poly,metria,metria,poly,para_poly,katholou,para_poly,katholou,para_poly,para_poly
439,C,BOY,GEL_THERMOU,ligo,poly,ligo,?,para_poly,para_poly,poly,poly,katholou,poly,ligo,poly,poly,?,katholou,?,?,ligo,ligo,katholou,?,metria,?,metria
440,C,BOY,THEMELIO,poly,poly,?,katholou,katholou,para_poly,poly,?,metria,katholou,metria,poly,poly,ligo,metria,para_poly,katholou,ligo,katholou,para_poly,para_poly,katholou,?,?
441,C,BOY,THEMELIO,?,para_poly,?,?,metria,?,metria,?,metria,?,?,poly,para_poly,?,?,metria,?,?,?,?,?,?,?,?
442,C,BOY,THEMELIO,para_poly,poly,?,?,katholou,?,metria,poly,?,?,?,para_poly,para_poly,?,?,?,?,?,?,?,para_poly,?,?,?
443,C,BOY,GEL_THERMOU,?,poly,metria,ligo,para_poly,para_poly,para_poly,poly,ligo,poly,katholou,para_poly,poly,?,katholou,?,katholou,katholou,ligo,ligo,?,metria,?,katholou
444,C,BOY,GEL_THERMOU,ligo,poly,ligo,ligo,para_poly,para_poly,para_poly,para_poly,ligo,poly,metria,para_poly,poly,katholou,katholou,metria,katholou,katholou,ligo,ligo,?,metria,metria,metria
445,A,BOY,1o_GEL_AGRINIOU,katholou,poly,katholou,poly,metria,metria,poly,metria,ligo,poly,para_poly,ligo,metria,?,katholou,?,katholou,katholou,poly,para_poly,poly,metria,ligo,para_poly
446,C,GIRL,GEL_MYRINAS,poly,para_poly,para_poly,?,metria,para_poly,poly,metria,ligo,ligo,poly,para_poly,para_poly,katholou,katholou,metria,katholou,ligo,metria,metria,poly,?,katholou,para_poly
447,C,GIRL,GEL_MYRINAS,poly,para_poly,para_poly,ligo,metria,para_poly,metria,ligo,ligo,metria,poly,para_poly,para_poly,katholou,katholou,metria,katholou,ligo,metria,metria,poly,?,katholou,para_poly
448,B,GIRL,1o_GEL_AGRINIOU,?,poly,ligo,ligo,?,poly,poly,?,ligo,?,?,poly,katholou,katholou,poly,metria,?,?,?,?,ligo,?,metria,?
449,B,GIRL,1o_GEL_AGRINIOU,ligo,poly,katholou,ligo,poly,poly,ligo,ligo,katholou,katholou,metria,poly,ligo,katholou,ligo,metria,?,katholou,katholou,para_poly,metria,katholou,ligo,para_poly
450,B,GIRL,1o_GEL_AGRINIOU,?,poly,?,?,?,?,metria,?,?,?,?,para_poly,poly,?,?,metria,?,?,?,?,?,?,?,?
451,C,GIRL,KATEFTHINSI,katholou,metria,poly,ligo,poly,para_poly,para_poly,para_poly,metria,para_poly,poly,para_poly,para_poly,katholou,katholou,katholou,katholou,ligo,metria,para_poly,para_poly,?,ligo,para_poly
452,C,GIRL,GEL_MYRINAS,ligo,poly,poly,para_poly,metria,poly,metria,poly,metria,para_poly,metria,poly,metria,?,katholou,ligo,katholou,metria,poly,para_poly,metria,poly,poly,katholou
453,C,BOY,GEL_THERMOU,ligo,poly,metria,poly,ligo,poly,metria,metria,katholou,ligo,ligo,metria,metria,katholou,katholou,katholou,katholou,ligo,metria,para_poly,?,metria,para_poly,katholou
454,C,BOY,GEL_THERMOU,ligo,para_poly,?,?,para_poly,?,para_poly,?,?,katholou,poly,?,metria,?,metria,para_poly,poly,?,metria,poly,?,poly,?,poly
455,C,GIRL,GEL_PARAVOLAS,poly,ligo,metria,para_poly,para_poly,poly,metria,poly,?,poly,poly,poly,katholou,?,katholou,?,?,ligo,ligo,katholou,poly,metria,katholou,para_poly
456,C,GIRL,GEL_THERMOU,?,?,?,?,para_poly,metria,?,?,poly,?,?,?,?,poly,ligo,?,para_poly,?,?,metria,?,?,?,?
457,C,BOY,GEL_THERMOU,katholou,ligo,ligo,para_poly,katholou,katholou,?,ligo,ligo,katholou,para_poly,katholou,poly,?,para_poly,metria,para_poly,?,?,para_poly,?,?,para_poly,katholou
458,C,GIRL,GEL_THERMOU,?,ligo,ligo,?,para_poly,para_poly,poly,katholou,katholou,katholou,ligo,katholou,katholou,?,para_poly,?,para_poly,ligo,poly,metria,poly,?,ligo,metria
459,C,BOY,GEL_THERMOU,?,?,?,poly,?,?,?,?,?,?,?,?,?,poly,poly,metria,para_poly,?,?,?,?,?,?,?
460,C,GIRL,GEL_THERMOU,?,katholou,katholou,ligo,poly,poly,ligo,metria,metria,poly,metria,katholou,ligo,?,metria,?,poly,poly,katholou,poly,?,katholou,katholou,para_poly
461,C,GIRL,GEL_THERMOU,ligo,ligo,ligo,poly,para_poly,poly,?,ligo,?,katholou,ligo,katholou,katholou,para_poly,poly,metria,para_poly,metria,ligo,poly,poly,?,?,poly
462,C,BOY,GEL_THERMOU,ligo,para_poly,para_poly,poly,katholou,poly,metria,katholou,katholou,metria,katholou,para_poly,ligo,ligo,metria,?,katholou,katholou,poly,para_poly,?,katholou,katholou,katholou
463,C,BOY,GEL_THERMOU,poly,para_poly,para_poly,poly,katholou,?,?,?,?,?,?,para_poly,para_poly,?,metria,para_poly,?,metria,katholou,?,?,?,katholou,?
464,C,GIRL,GEL_THERMOU,ligo,metria,ligo,ligo,ligo,metria,ligo,katholou,ligo,para_poly,poly,para_poly,poly,katholou,katholou,?,katholou,metria,katholou,metria,poly,metria,katholou,para_poly
465,C,GIRL,GEL_THERMOU,poly,katholou,katholou,?,katholou,poly,metria,ligo,katholou,katholou,metria,katholou,ligo,ligo,metria,metria,metria,ligo,metria,ligo,poly,?,katholou,metria
466,C,GIRL,GEL_THERMOU,ligo,katholou,metria,poly,para_poly,para_poly,katholou,para_poly,?,katholou,metria,katholou,katholou,?,ligo,?,metria,metria,katholou,ligo,para_poly,poly,katholou,poly
467,C,GIRL,GEL_THERMOU,?,metria,para_poly,poly,metria,para_poly,para_poly,metria,poly,?,poly,poly,?,?,metria,metria,?,poly,para_poly,poly,?,?,?,?
468,C,GIRL,GEL_THERMOU,ligo,katholou,metria,poly,para_poly,para_poly,katholou,para_poly,?,katholou,metria,katholou,katholou,?,ligo,?,metria,metria,katholou,ligo,para_poly,poly,katholou,poly
469,C,GIRL,GEL_THERMOU,?,katholou,katholou,ligo,para_poly,para_poly,katholou,katholou,katholou,katholou,ligo,katholou,katholou,ligo,metria,ligo,poly,katholou,metria,poly,ligo,katholou,katholou,para_poly
470,C,GIRL,GEL_THERMOU,katholou,metria,katholou,katholou,metria,metria,para_poly,katholou,poly,para_poly,katholou,para_poly,para_poly,katholou,katholou,?,katholou,metria,katholou,ligo,?,?,katholou,metria
471,C,GIRL,GEL_THERMOU,katholou,katholou,katholou,poly,metria,metria,metria,katholou,poly,ligo,katholou,katholou,katholou,para_poly,poly,para_poly,poly,metria,katholou,poly,para_poly,?,katholou,para_poly
472,C,GIRL,GEL_THERMOU,ligo,katholou,katholou,ligo,metria,ligo,ligo,katholou,poly,katholou,metria,katholou,katholou,ligo,poly,?,para_poly,katholou,katholou,para_poly,ligo,katholou,katholou,para_poly
473,C,GIRL,GEL_THERMOU,?,katholou,katholou,katholou,ligo,metria,metria,ligo,katholou,katholou,metria,katholou,katholou,katholou,ligo,metria,?,katholou,katholou,para_poly,poly,katholou,ligo,poly
474,C,GIRL,GEL_THERMOU,poly,metria,ligo,?,ligo,metria,ligo,ligo,ligo,ligo,ligo,katholou,ligo,katholou,katholou,metria,poly,ligo,katholou,para_poly,metria,katholou,?,para_poly
475,C,GIRL,GEL_THERMOU,ligo,para_poly,para_poly,para_poly,metria,para_poly,para_poly,para_poly,katholou,poly,metria,para_poly,metria,?,ligo,?,?,katholou,metria,para_poly,?,poly,katholou,ligo
476,C,BOY,GEL_THERMOU,?,?,poly,para_poly,katholou,ligo,metria,para_poly,poly,?,?,?,poly,?,poly,para_poly,?,?,?,?,?,poly,poly,?
477,C,BOY,GEL_THERMOU,katholou,poly,poly,para_poly,ligo,poly,metria,metria,poly,poly,metria,metria,metria,?,poly,?,?,poly,poly,para_poly,para_poly,poly,metria,para_poly
478,A,BOY,GEL_THERMOU,ligo,para_poly,para_poly,ligo,metria,poly,metria,ligo,metria,para_poly,ligo,para_poly,metria,ligo,ligo,para_poly,katholou,ligo,ligo,metria,?,metria,katholou,metria
479,A,BOY,GEL_THERMOU,?,?,?,?,?,?,katholou,?,?,?,?,?,?,?,metria,?,?,?,?,para_poly,ligo,?,?,?
480,A,BOY,GEL_THERMOU,?,metria,katholou,ligo,poly,ligo,metria,poly,ligo,katholou,ligo,katholou,katholou,ligo,katholou,metria,metria,ligo,ligo,para_poly,?,katholou,ligo,katholou
481,A,BOY,GEL_THERMOU,ligo,metria,metria,katholou,metria,para_poly,katholou,ligo,katholou,poly,ligo,poly,ligo,katholou,ligo,katholou,katholou,ligo,metria,poly,metria,metria,katholou,katholou
482,A,BOY,GEL_THERMOU,?,metria,metria,poly,metria,poly,para_poly,ligo,ligo,ligo,katholou,metria,ligo,?,ligo,metria,katholou,ligo,para_poly,poly,poly,?,katholou,ligo
483,A,GIRL,GEL_THERMOU,katholou,metria,poly,para_poly,metria,poly,?,ligo,?,ligo,para_poly,para_poly,?,ligo,metria,para_poly,katholou,?,poly,metria,metria,?,?,ligo
484,A,BOY,GEL_THERMOU,para_poly,para_poly,para_poly,para_poly,para_poly,para_poly,para_poly,para_poly,?,para_poly,para_poly,para_poly,para_poly,para_poly,para_poly,para_poly,para_poly,para_poly,para_poly,para_poly,para_poly,?,para_poly,para_poly
485,A,GIRL,GEL_THERMOU,?,katholou,ligo,poly,poly,para_poly,metria,katholou,ligo,ligo,ligo,ligo,metria,katholou,katholou,ligo,katholou,katholou,poly,para_poly,ligo,poly,katholou,para_poly
486,A,BOY,GEL_THERMOU,ligo,?,?,?,?,poly,ligo,ligo,?,?,ligo,?,?,?,?,?,?,katholou,katholou,para_poly,poly,?,?,metria
487,A,GIRL,GEL_THERMOU,ligo,ligo,poly,?,katholou,katholou,ligo,para_poly,katholou,ligo,ligo,para_poly,ligo,poly,ligo,para_poly,?,katholou,ligo,metria,?,metria,poly,metria
488,C,GIRL,GEL_THERMOU,ligo,metria,ligo,poly,ligo,para_poly,ligo,katholou,ligo,poly,poly,ligo,poly,katholou,metria,ligo,metria,metria,ligo,para_poly,poly,?,ligo,metria
489,A,GIRL,GEL_THERMOU,poly,katholou,ligo,poly,ligo,para_poly,katholou,metria,ligo,ligo,poly,metria,metria,?,ligo,?,?,metria,ligo,ligo,ligo,?,katholou,para_poly
490,C,BOY,GEL_THERMOU,ligo,para_poly,para_poly,poly,poly,poly,poly,poly,katholou,metria,metria,para_poly,poly,katholou,katholou,?,?,ligo,poly,ligo,metria,katholou,poly,poly
491,C,BOY,1o_GEL_AGRINIOU,katholou,para_poly,poly,poly,metria,para_poly,para_poly,poly,metria,katholou,katholou,para_poly,ligo,katholou,katholou,?,katholou,katholou,metria,metria,ligo,?,katholou,metria
492,A,BOY,1o_GEL_AGRINIOU,?,metria,?,?,poly,poly,poly,para_poly,metria,metria,?,poly,?,poly,ligo,ligo,katholou,ligo,poly,?,?,metria,poly,?
493,C,BOY,1o_GEL_AGRINIOU,para_poly,?,metria,?,ligo,poly,metria,poly,?,ligo,?,ligo,?,?,?,?,?,?,?,?,ligo,?,poly,poly
494,C,GIRL,GEL_THERMOU,katholou,metria,katholou,katholou,poly,poly,katholou,ligo,metria,ligo,para_poly,ligo,katholou,para_poly,para_poly,para_poly,para_poly,ligo,metria,para_poly,para_poly,metria,katholou,para_poly
495,C,BOY,1o_GEL_AGRINIOU,?,para_poly,para_poly,para_poly,?,?,?,?,?,?,?,para_poly,?,?,poly,?,?,?,?,?,?,?,?,?
496,C,GIRL,1o_GEL_AGRINIOU,katholou,metria,poly,ligo,poly,para_poly,para_poly,para_poly,poly,para_poly,para_poly,katholou,poly,poly,poly,metria,metria,ligo,ligo,katholou,para_poly,poly,katholou,poly
497,A,BOY,1o_GEL_AGRINIOU,poly,ligo,ligo,?,ligo,metria,poly,ligo,ligo,ligo,katholou,metria,ligo,?,poly,katholou,katholou,ligo,para_poly,metria,metria,metria,katholou,ligo
498,A,GIRL,GEL_AGIOU_MYRONA,katholou,ligo,ligo,?,katholou,katholou,metria,ligo,metria,metria,katholou,katholou,ligo,?,metria,?,metria,metria,katholou,poly,?,metria,katholou,poly
499,C,GIRL,KATEFTHINSI,katholou,metria,poly,poly,poly,ligo,ligo,ligo,katholou,ligo,para_poly,metria,poly,ligo,katholou,?,katholou,katholou,ligo,poly,poly,katholou,katholou,para_poly
500,C,GIRL,THEMELIO,katholou,ligo,katholou,katholou,ligo,ligo,metria,katholou,ligo,ligo,katholou,metria,katholou,katholou,katholou,ligo,katholou,katholou,ligo,katholou,?,?,katholou,ligo
501,A,BOY,GEL_AGIOU_MYRONA,katholou,poly,katholou,?,para_poly,metria,poly,katholou,ligo,katholou,ligo,ligo,katholou,poly,para_poly,para_poly,katholou,poly,katholou,para_poly,para_poly,?,katholou,ligo
502,A,BOY,GEL_AGIOU_MYRONA,para_poly,metria,metria,poly,katholou,poly,metria,ligo,ligo,katholou,ligo,katholou,ligo,katholou,poly,ligo,katholou,ligo,metria,para_poly,ligo,metria,ligo,metria
503,A,GIRL,GEL_AGIOU_MYRONA,?,para_poly,para_poly,para_poly,metria,ligo,poly,metria,ligo,metria,poly,poly,ligo,ligo,ligo,metria,katholou,katholou,metria,para_poly,metria,katholou,ligo,para_poly
504,A,GIRL,GEL_AGIOU_MYRONA,katholou,metria,para_poly,para_poly,metria,para_poly,ligo,metria,ligo,para_poly,para_poly,poly,poly,katholou,katholou,metria,katholou,ligo,metria,para_poly,poly,?,ligo,metria
505,A,BOY,GEL_AGIOU_MYRONA,para_poly,poly,poly,?,metria,para_poly,metria,katholou,katholou,metria,katholou,metria,katholou,poly,para_poly,?,katholou,katholou,ligo,para_poly,?,metria,katholou,para_poly
506,A,BOY,GEL_AGIOU_MYRONA,para_poly,ligo,metria,poly,metria,para_poly,ligo,para_poly,metria,metria,poly,katholou,ligo,poly,ligo,metria,?,metria,ligo,para_poly,poly,metria,metria,para_poly
507,A,GIRL,GEL_AGIOU_MYRONA,?,metria,metria,poly,poly,poly,metria,ligo,poly,para_poly,poly,para_poly,para_poly,?,poly,?,?,metria,metria,metria,poly,?,metria,poly
508,A,GIRL,GEL_AGIOU_MYRONA,?,katholou,para_poly,?,para_poly,para_poly,katholou,para_poly,katholou,para_poly,metria,para_poly,poly,poly,metria,ligo,metria,metria,katholou,para_poly,metria,?,katholou,poly
509,A,BOY,GEL_AGIOU_MYRONA,ligo,ligo,ligo,ligo,poly,poly,poly,ligo,metria,metria,katholou,katholou,metria,katholou,metria,ligo,katholou,katholou,ligo,para_poly,para_poly,poly,ligo,metria
510,A,GIRL,GEL_AGIOU_MYRONA,para_poly,metria,poly,poly,para_poly,para_poly,metria,metria,poly,metria,metria,para_poly,metria,?,poly,metria,metria,ligo,metria,para_poly,poly,poly,metria,metria
511,A,GIRL,GEL_AGIOU_MYRONA,poly,metria,ligo,ligo,metria,poly,?,metria,ligo,ligo,?,katholou,?,ligo,ligo,ligo,?,?,?,para_poly,poly,?,?,para_poly
512,A,BOY,GEL_AGIOU_MYRONA,para_poly,metria,metria,?,ligo,metria,para_poly,metria,ligo,metria,katholou,metria,katholou,?,ligo,ligo,katholou,katholou,metria,para_poly,poly,poly,ligo,poly
513,A,GIRL,GEL_AGIOU_MYRONA,poly,metria,ligo,ligo,metria,poly,metria,metria,ligo,ligo,ligo,katholou,katholou,ligo,ligo,ligo,?,metria,katholou,para_poly,poly,metria,katholou,para_poly
514,A,BOY,GEL_AGIOU_MYRONA,para_poly,poly,poly,para_poly,katholou,poly,poly,ligo,ligo,metria,metria,metria,metria,ligo,ligo,metria,katholou,katholou,para_poly,para_poly,poly,poly,poly,poly
515,A,GIRL,1o_GEL_AGRINIOU,ligo,katholou,katholou,katholou,ligo,katholou,metria,katholou,poly,katholou,para_poly,ligo,ligo,katholou,poly,para_poly,katholou,ligo,katholou,metria,poly,katholou,katholou,poly
516,A,GIRL,1o_GEL_AGRINIOU,katholou,poly,poly,poly,poly,poly,metria,metria,poly,poly,metria,poly,metria,ligo,ligo,metria,katholou,poly,poly,poly,poly,metria,poly,poly
517,A,GIRL,1o_GEL_AGRINIOU,katholou,metria,metria,poly,poly,ligo,ligo,ligo,poly,ligo,metria,para_poly,metria,?,metria,metria,?,metria,metria,ligo,metria,?,ligo,para_poly
518,A,GIRL,1o_GEL_AGRINIOU,katholou,poly,poly,poly,para_poly,ligo,metria,ligo,poly,ligo,metria,para_poly,metria,?,ligo,ligo,?,ligo,metria,ligo,poly,?,ligo,para_poly
519,C,GIRL,1o_GEL_AGRINIOU,ligo,poly,poly,poly,poly,para_poly,para_poly,poly,metria,metria,para_poly,para_poly,poly,?,metria,?,?,metria,metria,poly,poly,metria,ligo,metria
520,A,GIRL,1o_GEL_AGRINIOU,?,metria,katholou,ligo,metria,metria,ligo,ligo,ligo,ligo,metria,metria,ligo,?,metria,metria,?,ligo,ligo,para_poly,poly,metria,poly,poly
521,A,GIRL,1o_GEL_AGRINIOU,?,metria,katholou,ligo,metria,metria,ligo,poly,ligo,ligo,poly,metria,ligo,?,metria,metria,?,ligo,ligo,para_poly,poly,metria,metria,poly
522,C,GIRL,GEL_AGIOU_MYRONA,?,katholou,para_poly,para_poly,poly,ligo,katholou,katholou,ligo,katholou,katholou,katholou,katholou,ligo,metria,metria,?,ligo,katholou,katholou,?,?,katholou,poly
523,C,GIRL,GEL_AGIOU_MYRONA,ligo,katholou,metria,para_poly,poly,poly,ligo,metria,metria,ligo,poly,katholou,katholou,ligo,metria,?,para_poly,metria,poly,poly,poly,metria,metria,para_poly
524,C,GIRL,GEL_AGIOU_MYRONA,para_poly,katholou,katholou,para_poly,metria,ligo,katholou,katholou,metria,ligo,katholou,para_poly,ligo,para_poly,para_poly,para_poly,para_poly,poly,ligo,katholou,?,?,metria,poly
525,C,GIRL,GEL_AGIOU_MYRONA,?,ligo,metria,?,metria,katholou,poly,ligo,poly,metria,ligo,ligo,ligo,ligo,ligo,metria,?,poly,poly,poly,poly,?,katholou,para_poly
526,C,GIRL,GEL_AGIOU_MYRONA,katholou,katholou,katholou,?,poly,para_poly,metria,ligo,ligo,katholou,poly,katholou,katholou,katholou,ligo,ligo,metria,katholou,katholou,poly,poly,katholou,metria,para_poly
527,C,GIRL,GEL_AGIOU_MYRONA,katholou,ligo,ligo,para_poly,ligo,ligo,katholou,katholou,katholou,katholou,katholou,katholou,katholou,katholou,katholou,katholou,katholou,katholou,poly,metria,ligo,?,katholou,poly
528,C,GIRL,GEL_AGIOU_MYRONA,ligo,katholou,para_poly,para_poly,poly,ligo,katholou,katholou,ligo,katholou,katholou,katholou,katholou,katholou,katholou,metria,?,ligo,katholou,katholou,?,katholou,ligo,metria
529,C,GIRL,GEL_AGIOU_MYRONA,poly,poly,para_poly,para_poly,katholou,para_poly,poly,ligo,poly,para_poly,katholou,poly,para_poly,katholou,katholou,metria,katholou,ligo,ligo,poly,metria,katholou,katholou,para_poly
530,C,GIRL,GEL_AGIOU_MYRONA,poly,katholou,katholou,?,ligo,metria,ligo,katholou,ligo,katholou,katholou,katholou,katholou,katholou,katholou,?,?,katholou,katholou,katholou,poly,katholou,katholou,para_poly
531,C,GIRL,GEL_AGIOU_MYRONA,ligo,katholou,metria,para_poly,ligo,poly,katholou,katholou,ligo,katholou,ligo,katholou,katholou,para_poly,metria,metria,metria,ligo,ligo,ligo,ligo,katholou,metria,katholou
532,C,GIRL,GEL_AGIOU_MYRONA,katholou,katholou,katholou,para_poly,ligo,ligo,ligo,katholou,ligo,katholou,metria,katholou,katholou,katholou,katholou,katholou,?,katholou,ligo,poly,metria,katholou,katholou,metria
533,C,GIRL,GEL_AGIOU_MYRONA,para_poly,katholou,katholou,para_poly,poly,metria,katholou,katholou,metria,ligo,katholou,metria,metria,para_poly,para_poly,para_poly,para_poly,poly,ligo,katholou,?,katholou,metria,para_poly
534,C,GIRL,GEL_AGIOU_MYRONA,ligo,katholou,para_poly,para_poly,poly,ligo,katholou,katholou,ligo,katholou,katholou,katholou,katholou,katholou,katholou,metria,?,ligo,katholou,katholou,?,katholou,ligo,metria
535,C,GIRL,GEL_AGIOU_MYRONA,ligo,katholou,katholou,?,metria,metria,metria,ligo,poly,katholou,poly,katholou,katholou,ligo,ligo,metria,metria,katholou,katholou,metria,poly,katholou,ligo,para_poly
536,C,GIRL,GEL_AGIOU_MYRONA,ligo,katholou,ligo,poly,katholou,ligo,katholou,katholou,katholou,katholou,metria,katholou,katholou,para_poly,ligo,katholou,metria,katholou,katholou,katholou,?,katholou,ligo,katholou
537,C,GIRL,GEL_AGIOU_MYRONA,ligo,katholou,para_poly,para_poly,poly,ligo,katholou,katholou,ligo,katholou,katholou,katholou,katholou,katholou,katholou,ligo,?,ligo,katholou,katholou,?,katholou,katholou,ligo
538,C,BOY,1o_GEL_AGRINIOU,katholou,poly,poly,katholou,metria,katholou,katholou,metria,katholou,katholou,poly,katholou,ligo,katholou,katholou,katholou,katholou,katholou,katholou,metria,?,katholou,katholou,katholou
539,B,BOY,1o_GEL_AGRINIOU,ligo,para_poly,metria,?,poly,poly,metria,para_poly,katholou,metria,metria,poly,ligo,?,katholou,?,katholou,ligo,metria,poly,?,metria,ligo,ligo
540,A,BOY,GRASEP_XARILAOU,?,poly,ligo,ligo,poly,para_poly,para_poly,para_poly,katholou,poly,metria,poly,ligo,katholou,katholou,?,katholou,katholou,ligo,metria,poly,metria,katholou,para_poly
541,A,BOY,GEL_MYRINAS,katholou,metria,ligo,ligo,metria,para_poly,poly,metria,ligo,metria,katholou,poly,poly,ligo,katholou,katholou,katholou,ligo,para_poly,poly,ligo,metria,poly,katholou
542,C,BOY,GEL_THERMOU,katholou,metria,para_poly,poly,poly,poly,katholou,para_poly,metria,ligo,katholou,para_poly,ligo,?,katholou,metria,katholou,ligo,metria,metria,metria,katholou,katholou,poly
543,C,BOY,GEL_THERMOU,ligo,poly,poly,poly,ligo,katholou,metria,metria,ligo,metria,katholou,para_poly,poly,poly,metria,ligo,katholou,katholou,katholou,poly,ligo,poly,ligo,katholou
544,C,BOY,GEL_THERMOU,ligo,metria,ligo,ligo,ligo,metria,katholou,metria,metria,poly,metria,metria,poly,ligo,katholou,metria,metria,metria,metria,metria,?,?,ligo,ligo
545,C,GIRL,GRASEP_XARILAOU,katholou,katholou,metria,?,para_poly,metria,metria,katholou,metria,katholou,ligo,ligo,katholou,?,katholou,para_poly,metria,katholou,katholou,poly,para_poly,katholou,katholou,metria
546,C,BOY,3o_TEE_AGRINIOU,ligo,metria,ligo,katholou,poly,para_poly,poly,poly,ligo,metria,ligo,para_poly,para_poly,ligo,katholou,metria,?,katholou,poly,ligo,metria,?,ligo,ligo
547,A,BOY,GEL_MYRINAS,ligo,metria,metria,?,metria,poly,para_poly,poly,katholou,metria,para_poly,para_poly,poly,katholou,ligo,ligo,?,katholou,poly,para_poly,para_poly,metria,metria,katholou
548,C,BOY,GEL_THERMOU,katholou,poly,metria,ligo,metria,para_poly,para_poly,para_poly,metria,metria,ligo,ligo,ligo,?,metria,metria,?,ligo,ligo,poly,metria,poly,katholou,para_poly
549,C,BOY,1o_GEL_AGRINIOU,?,?,?,?,?,ligo,?,para_poly,ligo,?,?,?,?,?,?,?,?,?,?,?,metria,poly,poly,?
550,A,GIRL,KATEFTHINSI,katholou,poly,poly,poly,katholou,metria,ligo,katholou,metria,metria,katholou,para_poly,ligo,katholou,katholou,ligo,katholou,katholou,poly,para_poly,ligo,katholou,katholou,poly
551,A,GIRL,KATEFTHINSI,ligo,poly,metria,katholou,katholou,ligo,katholou,katholou,metria,para_poly,katholou,poly,katholou,ligo,poly,metria,?,katholou,katholou,para_poly,ligo,katholou,katholou,poly
552,A,GIRL,KATEFTHINSI,katholou,poly,para_poly,para_poly,katholou,katholou,katholou,katholou,katholou,katholou,ligo,poly,katholou,katholou,katholou,?,katholou,katholou,ligo,ligo,ligo,katholou,ligo,ligo
553,A,GIRL,KATEFTHINSI,katholou,para_poly,para_poly,?,ligo,poly,ligo,poly,katholou,ligo,poly,para_poly,ligo,katholou,katholou,ligo,katholou,katholou,katholou,para_poly,poly,?,katholou,poly
554,A,BOY,KATEFTHINSI,ligo,poly,metria,poly,poly,ligo,metria,poly,metria,metria,metria,poly,ligo,?,poly,?,?,ligo,ligo,metria,poly,metria,metria,poly
555,A,BOY,KATEFTHINSI,ligo,poly,metria,ligo,poly,metria,para_poly,katholou,metria,ligo,metria,metria,ligo,ligo,ligo,ligo,?,metria,metria,metria,metria,metria,ligo,poly
556,A,GIRL,KATEFTHINSI,ligo,metria,metria,ligo,katholou,ligo,ligo,metria,metria,poly,katholou,poly,katholou,?,poly,metria,poly,katholou,katholou,para_poly,ligo,katholou,katholou,poly
557,C,BOY,KATEFTHINSI,?,katholou,katholou,katholou,katholou,katholou,katholou,ligo,metria,katholou,katholou,poly,katholou,?,poly,para_poly,metria,metria,katholou,para_poly,ligo,metria,katholou,poly
558,A,BOY,KATEFTHINSI,?,para_poly,metria,poly,metria,metria,katholou,ligo,poly,poly,metria,poly,poly,katholou,metria,para_poly,metria,metria,para_poly,ligo,ligo,metria,metria,metria
559,A,BOY,KATEFTHINSI,katholou,para_poly,para_poly,katholou,katholou,katholou,katholou,katholou,katholou,metria,katholou,poly,ligo,?,katholou,ligo,katholou,katholou,katholou,metria,poly,?,katholou,ligo
560,A,BOY,KATEFTHINSI,?,para_poly,metria,?,ligo,metria,poly,katholou,katholou,metria,katholou,metria,ligo,katholou,ligo,?,katholou,metria,poly,metria,poly,?,metria,ligo
561,A,BOY,KATEFTHINSI,katholou,para_poly,para_poly,katholou,katholou,katholou,katholou,ligo,katholou,poly,katholou,poly,metria,ligo,katholou,ligo,katholou,katholou,katholou,ligo,ligo,metria,katholou,metria
562,C,GIRL,KATEFTHINSI,?,katholou,para_poly,poly,metria,metria,katholou,para_poly,ligo,poly,para_poly,ligo,ligo,katholou,para_poly,?,para_poly,metria,katholou,para_poly,para_poly,metria,katholou,para_poly
563,A,BOY,KATEFTHINSI,ligo,metria,metria,ligo,poly,poly,poly,katholou,poly,ligo,ligo,metria,metria,?,ligo,metria,?,ligo,metria,ligo,metria,?,ligo,poly
564,A,GIRL,KATEFTHINSI,katholou,metria,metria,?,ligo,metria,ligo,poly,poly,metria,poly,poly,ligo,?,ligo,ligo,?,ligo,metria,ligo,metria,metria,ligo,poly
565,A,BOY,KATEFTHINSI,ligo,metria,metria,?,metria,poly,poly,ligo,metria,ligo,ligo,metria,metria,ligo,ligo,ligo,?,ligo,metria,ligo,ligo,metria,ligo,metria
566,C,BOY,GEL_THERMOU,ligo,poly,poly,ligo,poly,para_poly,para_poly,para_poly,ligo,poly,poly,para_poly,metria,poly,ligo,metria,katholou,katholou,poly,para_poly,ligo,metria,ligo,ligo
567,A,BOY,KATEFTHINSI,katholou,para_poly,poly,?,poly,metria,metria,poly,metria,ligo,metria,poly,ligo,ligo,poly,?,?,ligo,metria,metria,poly,metria,ligo,poly
568,A,BOY,GEL_AGIOU_MYRONA,poly,para_poly,para_poly,para_poly,poly,katholou,katholou,poly,?,poly,poly,para_poly,poly,poly,poly,para_poly,?,para_poly,para_poly,para_poly,poly,katholou,poly,para_poly
569,C,GIRL,GEL_AGIOU_MYRONA,ligo,katholou,para_poly,para_poly,para_poly,para_poly,katholou,katholou,metria,katholou,para_poly,katholou,katholou,?,para_poly,para_poly,poly,katholou,metria,poly,metria,katholou,para_poly,para_poly
570,A,GIRL,GEL_AGIOU_MYRONA,?,katholou,metria,?,metria,katholou,katholou,metria,poly,metria,para_poly,katholou,katholou,para_poly,para_poly,para_poly,para_poly,metria,para_poly,metria,para_poly,?,para_poly,para_poly
571,A,BOY,GEL_AGIOU_MYRONA,para_poly,para_poly,poly,?,katholou,para_poly,para_poly,para_poly,metria,katholou,katholou,para_poly,para_poly,katholou,metria,metria,katholou,katholou,para_poly,metria,ligo,katholou,para_poly,katholou
572,A,GIRL,GEL_AGIOU_MYRONA,katholou,metria,katholou,katholou,para_poly,metria,metria,katholou,poly,metria,katholou,ligo,katholou,poly,poly,para_poly,metria,metria,metria,metria,para_poly,katholou,katholou,para_poly
573,A,GIRL,GEL_AGIOU_MYRONA,ligo,ligo,poly,ligo,metria,metria,metria,katholou,katholou,para_poly,ligo,poly,para_poly,ligo,ligo,ligo,para_poly,para_poly,para_poly,ligo,?,metria,metria,katholou
574,A,GIRL,GEL_AGIOU_MYRONA,ligo,katholou,para_poly,para_poly,para_poly,ligo,katholou,katholou,katholou,katholou,para_poly,katholou,katholou,katholou,para_poly,para_poly,metria,katholou,katholou,ligo,metria,katholou,ligo,para_poly
575,C,BOY,GRASEP_THERMOU,?,metria,ligo,?,poly,poly,poly,para_poly,metria,metria,poly,metria,metria,poly,ligo,?,katholou,ligo,poly,metria,ligo,metria,metria,metria
576,A,BOY,KATEFTHINSI,katholou,para_poly,metria,?,metria,ligo,metria,ligo,katholou,ligo,metria,poly,ligo,katholou,poly,metria,?,ligo,metria,ligo,poly,?,ligo,ligo
577,A,BOY,KATEFTHINSI,katholou,poly,metria,?,ligo,poly,poly,metria,ligo,metria,metria,metria,metria,ligo,metria,metria,?,ligo,ligo,katholou,ligo,metria,ligo,ligo
578,C,GIRL,THEMELIO,ligo,para_poly,metria,ligo,metria,para_poly,para_poly,metria,ligo,katholou,poly,poly,ligo,ligo,poly,para_poly,katholou,ligo,para_poly,ligo,para_poly,poly,katholou,ligo
579,C,BOY,GRASEP_XARILAOU,poly,katholou,katholou,ligo,para_poly,poly,ligo,metria,?,para_poly,ligo,metria,poly,para_poly,metria,?,poly,para_poly,metria,para_poly,metria,?,ligo,para_poly
580,C,BOY,GEL_THERMOU,ligo,poly,metria,?,para_poly,para_poly,poly,para_poly,metria,poly,ligo,para_poly,poly,poly,ligo,?,katholou,ligo,poly,ligo,?,?,katholou,para_poly
581,C,GIRL,THEMELIO,katholou,poly,ligo,ligo,para_poly,para_poly,poly,para_poly,ligo,metria,metria,poly,para_poly,?,metria,para_poly,metria,katholou,metria,metria,poly,metria,katholou,poly
582,A,GIRL,1o_GEL_AGRINIOU,?,?,?,?,?,?,metria,?,?,?,?,?,?,?,?,?,?,?,?,?,ligo,?,?,?
583,C,BOY,1o_GEL_AGRINIOU,?,katholou,metria,poly,metria,metria,ligo,ligo,metria,katholou,poly,katholou,katholou,?,metria,metria,katholou,poly,para_poly,metria,poly,poly,poly,poly
584,C,GIRL,GEL_THERMOU,ligo,katholou,katholou,?,para_poly,metria,katholou,metria,?,metria,para_poly,metria,ligo,poly,metria,?,metria,poly,para_poly,poly,para_poly,poly,ligo,para_poly
585,C,BOY,GRASEP_THERMOU,poly,?,?,poly,poly,para_poly,?,para_poly,poly,para_poly,poly,metria,ligo,?,poly,?,?,katholou,?,?,poly,metria,?,?
586,C,GIRL,1o_GEL_AGRINIOU,poly,metria,metria,?,para_poly,poly,metria,poly,metria,katholou,para_poly,poly,katholou,poly,poly,?,para_poly,katholou,poly,poly,para_poly,katholou,poly,para_poly
587,C,BOY,GEL_THERMOU,para_poly,ligo,para_poly,poly,poly,para_poly,para_poly,para_poly,ligo,para_poly,katholou,ligo,metria,?,ligo,metria,?,?,metria,poly,?,?,katholou,poly
588,C,GIRL,GRASEP_MENEMENIS,?,katholou,katholou,katholou,para_poly,poly,metria,metria,?,poly,katholou,para_poly,metria,para_poly,para_poly,para_poly,metria,poly,katholou,ligo,ligo,poly,ligo,para_poly
589,C,BOY,GEL_THERMOU,?,poly,poly,?,metria,para_poly,poly,poly,poly,?,poly,?,?,katholou,metria,?,para_poly,?,para_poly,para_poly,?,?,poly,?
591,C,BOY,GEL_THERMOU,?,?,?,?,poly,poly,ligo,para_poly,?,?,metria,?,?,ligo,?,?,poly,poly,?,poly,?,poly,poly,?
593,A,BOY,GEL_PARAVOLAS,ligo,metria,poly,ligo,katholou,ligo,metria,ligo,ligo,katholou,metria,katholou,katholou,metria,katholou,katholou,poly,metria,ligo,metria,ligo,poly,katholou,metria
594,C,GIRL,GEL_ARTAKIS,katholou,katholou,katholou,katholou,para_poly,para_poly,katholou,katholou,poly,metria,katholou,metria,katholou,poly,poly,?,poly,poly,katholou,katholou,metria,katholou,katholou,katholou
595,C,GIRL,GRASEP_THERMOU,katholou,?,?,katholou,ligo,para_poly,metria,?,katholou,poly,katholou,katholou,ligo,katholou,katholou,metria,katholou,ligo,para_poly,?,katholou,katholou,metria,?
596,A,GIRL,GEL_ARTAKIS,katholou,poly,para_poly,para_poly,metria,ligo,katholou,katholou,katholou,katholou,katholou,poly,katholou,katholou,ligo,ligo,katholou,katholou,poly,poly,metria,katholou,katholou,ligo
597,C,BOY,GEL_THERMOU,poly,katholou,ligo,katholou,ligo,katholou,katholou,katholou,ligo,ligo,katholou,katholou,katholou,para_poly,para_poly,?,para_poly,poly,katholou,para_poly,katholou,?,katholou,poly
598,C,BOY,GEL_AGIOU_MYRONA,ligo,katholou,katholou,katholou,metria,para_poly,para_poly,para_poly,katholou,poly,katholou,poly,para_poly,katholou,katholou,katholou,katholou,ligo,ligo,poly,poly,poly,katholou,katholou
599,C,GIRL,GEL_THERMOU,?,para_poly,para_poly,?,poly,ligo,katholou,poly,poly,katholou,ligo,para_poly,metria,metria,ligo,metria,katholou,katholou,metria,poly,poly,metria,katholou,para_poly
600,C,GIRL,GEL_THERMOU,?,para_poly,katholou,?,para_poly,ligo,ligo,metria,poly,ligo,poly,ligo,katholou,para_poly,metria,?,poly,ligo,metria,para_poly,para_poly,?,ligo,para_poly
601,C,GIRL,GEL_THERMOU,katholou,ligo,katholou,?,katholou,metria,ligo,poly,poly,ligo,poly,ligo,ligo,katholou,katholou,katholou,?,poly,katholou,ligo,metria,?,poly,para_poly
602,C,BOY,GEL_THERMOU,?,poly,metria,?,metria,ligo,metria,para_poly,katholou,metria,poly,metria,ligo,metria,katholou,katholou,metria,metria,poly,metria,metria,poly,ligo,katholou
603,C,BOY,GEL_THERMOU,?,poly,metria,?,poly,poly,poly,metria,poly,metria,poly,para_poly,para_poly,metria,katholou,ligo,katholou,poly,poly,poly,metria,poly,metria,poly
604,A,BOY,1o_GEL_AGRINIOU,?,metria,poly,poly,poly,katholou,ligo,poly,katholou,ligo,poly,metria,metria,para_poly,ligo,?,?,katholou,poly,ligo,katholou,metria,katholou,para_poly
605,C,BOY,KATEFTHINSI,katholou,metria,katholou,katholou,katholou,para_poly,para_poly,para_poly,katholou,metria,katholou,ligo,metria,katholou,katholou,katholou,katholou,katholou,katholou,katholou,katholou,poly,katholou,katholou
608,C,BOY,1o_GEL_AGRINIOU,?,?,?,?,?,?,?,?,?,?,?,?,?,?,?,?,?,?,?,?,?,katholou,?,?
614,A,BOY,GEL_ARTAKIS,metria,poly,ligo,para_poly,para_poly,para_poly,para_poly,para_poly,katholou,katholou,metria,metria,katholou,metria,katholou,poly,katholou,para_poly,para_poly,para_poly,metria,poly,ligo,katholou
615,A,BOY,GEL_ARTAKIS,ligo,katholou,ligo,katholou,poly,para_poly,para_poly,poly,ligo,poly,ligo,metria,ligo,katholou,katholou,katholou,ligo,poly,ligo,para_poly,ligo,ligo,ligo,metria
616,A,BOY,3o_TEE_AGRINIOU,katholou,poly,ligo,katholou,poly,para_poly,para_poly,para_poly,ligo,poly,para_poly,ligo,ligo,katholou,katholou,katholou,ligo,para_poly,ligo,ligo,ligo,ligo,poly,poly
617,A,BOY,GEL_AGIOU_MYRONA,ligo,metria,ligo,metria,para_poly,para_poly,katholou,ligo,katholou,katholou,katholou,metria,katholou,katholou,poly,poly,ligo,katholou,katholou,para_poly,katholou,katholou,katholou,metria
618,A,GIRL,GEL_AGIOU_MYRONA,poly,ligo,ligo,ligo,poly,para_poly,ligo,katholou,katholou,katholou,ligo,ligo,ligo,ligo,ligo,para_poly,katholou,katholou,katholou,para_poly,metria,katholou,ligo,para_poly
619,A,GIRL,GEL_AGIOU_MYRONA,metria,katholou,metria,metria,para_poly,metria,katholou,katholou,katholou,poly,katholou,para_poly,katholou,poly,para_poly,metria,katholou,katholou,katholou,metria,katholou,poly,katholou,poly
620,A,BOY,GEL_AGIOU_MYRONA,metria,ligo,metria,metria,poly,poly,katholou,katholou,ligo,metria,katholou,katholou,ligo,metria,metria,poly,katholou,katholou,poly,para_poly,katholou,ligo,ligo,para_poly
621,A,BOY,GEL_AGIOU_MYRONA,poly,metria,ligo,metria,metria,para_poly,poly,metria,metria,poly,ligo,ligo,metria,metria,metria,poly,ligo,metria,poly,poly,metria,ligo,ligo,metria
622,A,BOY,GEL_AGIOU_MYRONA,metria,metria,metria,poly,katholou,para_poly,metria,para_poly,metria,ligo,para_poly,ligo,metria,katholou,ligo,poly,katholou,katholou,katholou,metria,metria,ligo,katholou,ligo
623,A,GIRL,GEL_AGIOU_MYRONA,metria,katholou,metria,metria,ligo,ligo,katholou,katholou,poly,para_poly,katholou,ligo,ligo,poly,poly,metria,katholou,poly,katholou,para_poly,katholou,para_poly,katholou,poly
624,A,BOY,GEL_AGIOU_MYRONA,metria,ligo,katholou,metria,katholou,metria,ligo,para_poly,ligo,katholou,ligo,katholou,ligo,katholou,katholou,ligo,katholou,katholou,ligo,para_poly,para_poly,ligo,poly,para_poly
625,A,BOY,GEL_AGIOU_MYRONA,para_poly,poly,ligo,ligo,ligo,para_poly,metria,ligo,para_poly,ligo,poly,katholou,poly,ligo,katholou,metria,ligo,ligo,poly,ligo,ligo,poly,poly,para_poly
626,A,BOY,GEL_AGIOU_MYRONA,para_poly,para_poly,para_poly,poly,para_poly,ligo,ligo,ligo,metria,poly,metria,para_poly,para_poly,metria,metria,poly,ligo,poly,metria,para_poly,ligo,ligo,katholou,para_poly
627,A,GIRL,GEL_AGIOU_MYRONA,metria,ligo,metria,ligo,para_poly,metria,ligo,ligo,metria,para_poly,katholou,katholou,katholou,ligo,para_poly,poly,poly,poly,katholou,katholou,ligo,poly,katholou,para_poly
628,A,GIRL,GEL_AGIOU_MYRONA,katholou,ligo,ligo,katholou,katholou,poly,ligo,poly,poly,ligo,para_poly,katholou,ligo,katholou,metria,para_poly,katholou,katholou,poly,para_poly,para_poly,metria,metria,para_poly
629,A,BOY,GEL_AGIOU_MYRONA,ligo,para_poly,ligo,poly,katholou,para_poly,metria,para_poly,ligo,metria,para_poly,poly,ligo,katholou,katholou,ligo,ligo,katholou,poly,poly,poly,ligo,ligo,metria
630,A,GIRL,GEL_AGIOU_MYRONA,poly,katholou,poly,poly,metria,para_poly,para_poly,katholou,ligo,metria,metria,katholou,katholou,metria,para_poly,para_poly,para_poly,ligo,metria,para_poly,para_poly,ligo,ligo,poly
631,A,GIRL,GEL_AGIOU_MYRONA,metria,katholou,metria,metria,katholou,para_poly,poly,poly,metria,katholou,para_poly,katholou,metria,poly,metria,poly,poly,metria,para_poly,para_poly,poly,ligo,katholou,para_poly
632,A,BOY,GEL_AGIOU_MYRONA,para_poly,katholou,ligo,ligo,metria,poly,katholou,para_poly,katholou,katholou,metria,katholou,metria,ligo,katholou,poly,katholou,katholou,metria,para_poly,ligo,ligo,ligo,para_poly
633,A,GIRL,GEL_AGIOU_MYRONA,metria,ligo,ligo,katholou,ligo,para_poly,katholou,katholou,katholou,ligo,katholou,katholou,katholou,ligo,ligo,metria,katholou,katholou,katholou,poly,metria,katholou,katholou,katholou
634,A,GIRL,GEL_AGIOU_MYRONA,katholou,katholou,ligo,poly,katholou,para_poly,metria,katholou,ligo,katholou,poly,metria,ligo,katholou,ligo,poly,katholou,ligo,katholou,para_poly,ligo,katholou,katholou,ligo
635,A,GIRL,GEL_AGIOU_MYRONA,para_poly,katholou,katholou,katholou,para_poly,poly,para_poly,katholou,katholou,para_poly,para_poly,katholou,katholou,poly,para_poly,para_poly,poly,metria,katholou,metria,poly,ligo,ligo,ligo
636,A,GIRL,GEL_AGIOU_MYRONA,para_poly,?,poly,ligo,katholou,metria,metria,metria,metria,ligo,metria,katholou,katholou,ligo,katholou,poly,ligo,ligo,metria,metria,para_poly,metria,ligo,para_poly
637,A,GIRL,GEL_AGIOU_MYRONA,metria,metria,poly,metria,metria,metria,poly,poly,ligo,ligo,katholou,para_poly,para_poly,katholou,katholou,metria,katholou,metria,poly,ligo,metria,ligo,metria,poly
638,A,GIRL,GEL_AGIOU_MYRONA,poly,ligo,metria,ligo,ligo,poly,ligo,ligo,poly,metria,metria,katholou,ligo,katholou,poly,poly,metria,metria,metria,poly,ligo,ligo,katholou,para_poly
639,A,GIRL,GEL_AGIOU_MYRONA,poly,poly,para_poly,poly,para_poly,para_poly,poly,metria,poly,para_poly,poly,poly,metria,poly,ligo,para_poly,para_poly,ligo,poly,para_poly,para_poly,katholou,para_poly,para_poly
640,A,GIRL,GEL_AGIOU_MYRONA,poly,katholou,para_poly,poly,metria,poly,metria,ligo,ligo,ligo,metria,katholou,ligo,katholou,para_poly,poly,metria,katholou,katholou,metria,ligo,ligo,para_poly,metria
641,A,BOY,GEL_AGIOU_MYRONA,poly,katholou,ligo,ligo,katholou,poly,metria,poly,metria,ligo,metria,katholou,katholou,ligo,metria,metria,katholou,metria,metria,poly,poly,ligo,katholou,para_poly
642,A,GIRL,GEL_AGIOU_MYRONA,metria,metria,katholou,katholou,metria,ligo,ligo,katholou,ligo,poly,katholou,katholou,ligo,poly,para_poly,poly,metria,poly,katholou,ligo,katholou,ligo,katholou,ligo
643,A,GIRL,GEL_AGIOU_MYRONA,poly,katholou,poly,para_poly,poly,para_poly,para_poly,ligo,poly,metria,poly,katholou,ligo,para_poly,para_poly,para_poly,para_poly,metria,para_poly,para_poly,para_poly,metria,metria,para_poly
644,A,GIRL,GEL_AGIOU_MYRONA,ligo,katholou,ligo,ligo,metria,metria,katholou,metria,poly,poly,metria,metria,metria,ligo,para_poly,metria,ligo,metria,ligo,ligo,ligo,poly,katholou,poly
645,A,BOY,GEL_AGIOU_MYRONA,poly,metria,ligo,ligo,metria,ligo,ligo,poly,katholou,metria,metria,metria,katholou,katholou,ligo,ligo,katholou,katholou,ligo,para_poly,katholou,metria,katholou,para_poly
646,A,GIRL,GEL_AGIOU_MYRONA,poly,para_poly,metria,ligo,katholou,para_poly,metria,ligo,metria,ligo,ligo,katholou,poly,metria,metria,poly,metria,metria,para_poly,para_poly,para_poly,metria,katholou,para_poly
647,C,BOY,GEL_THERMOU,ligo,ligo,katholou,metria,para_poly,para_poly,para_poly,poly,metria,poly,ligo,para_poly,para_poly,metria,ligo,poly,katholou,ligo,para_poly,ligo,ligo,para_poly,katholou,metria
648,B,BOY,3o_TEE_AGRINIOU,ligo,para_poly,para_poly,ligo,metria,metria,ligo,metria,ligo,metria,metria,metria,ligo,poly,metria,metria,poly,katholou,poly,metria,katholou,metria,katholou,katholou
649,A,GIRL,GEL_AGIOU_MYRONA,ligo,ligo,katholou,katholou,poly,para_poly,ligo,katholou,katholou,katholou,ligo,ligo,ligo,katholou,ligo,poly,katholou,katholou,ligo,para_poly,poly,katholou,ligo,poly
650,C,GIRL,GEL_ARTAKIS,poly,poly,poly,katholou,metria,metria,metria,katholou,para_poly,poly,poly,metria,para_poly,metria,ligo,poly,katholou,para_poly,katholou,para_poly,poly,poly,katholou,metria
651,C,BOY,GEL_THERMOU,katholou,poly,para_poly,katholou,katholou,para_poly,para_poly,para_poly,metria,para_poly,katholou,para_poly,para_poly,metria,katholou,katholou,katholou,katholou,para_poly,para_poly,katholou,katholou,katholou,katholou
652,C,BOY,1o_GEL_AGRINIOU,ligo,ligo,ligo,ligo,ligo,ligo,ligo,ligo,ligo,ligo,ligo,ligo,ligo,ligo,ligo,ligo,ligo,ligo,ligo,ligo,ligo,ligo,ligo,ligo
653,C,BOY,ASPAITE,katholou,metria,poly,metria,para_poly,poly,poly,para_poly,ligo,metria,ligo,poly,metria,metria,ligo,katholou,katholou,ligo,para_poly,para_poly,katholou,metria,ligo,poly
654,C,BOY,ASPAITE,para_poly,poly,metria,katholou,metria,poly,poly,para_poly,ligo,katholou,katholou,poly,ligo,poly,metria,katholou,katholou,ligo,metria,para_poly,ligo,katholou,ligo,ligo
655,C,GIRL,ASPAITE,katholou,metria,metria,ligo,poly,metria,metria,katholou,ligo,metria,katholou,poly,ligo,ligo,katholou,metria,katholou,katholou,katholou,ligo,metria,katholou,ligo,ligo
656,C,GIRL,ASPAITE,katholou,metria,metria,metria,poly,poly,metria,para_poly,ligo,ligo,metria,poly,ligo,ligo,katholou,metria,?,metria,poly,para_poly,poly,katholou,ligo,poly
657,C,GIRL,3o_TEE_AGRINIOU,katholou,metria,poly,poly,ligo,poly,para_poly,metria,katholou,poly,para_poly,metria,metria,katholou,katholou,katholou,katholou,katholou,ligo,metria,metria,poly,ligo,metria
658,C,GIRL,ASPAITE,metria,para_poly,metria,ligo,metria,poly,poly,para_poly,ligo,metria,poly,para_poly,metria,metria,ligo,metria,ligo,ligo,metria,metria,katholou,metria,ligo,metria
659,C,GIRL,ASPAITE,katholou,ligo,poly,katholou,poly,para_poly,para_poly,ligo,metria,metria,katholou,para_poly,ligo,katholou,ligo,ligo,katholou,katholou,katholou,metria,?,metria,katholou,poly
660,C,GIRL,ASPAITE,metria,poly,poly,metria,poly,poly,metria,poly,poly,metria,para_poly,poly,katholou,ligo,ligo,metria,ligo,metria,metria,poly,poly,ligo,poly,metria
661,C,GIRL,ASPAITE,metria,ligo,metria,metria,metria,metria,metria,metria,metria,poly,ligo,metria,ligo,poly,metria,metria,metria,metria,metria,ligo,poly,poly,metria,ligo
662,B,GIRL,1o_GEL_AGRINIOU,katholou,para_poly,metria,metria,ligo,ligo,ligo,ligo,katholou,ligo,poly,poly,ligo,katholou,katholou,katholou,katholou,katholou,katholou,para_poly,poly,ligo,katholou,katholou
663,C,BOY,ASPAITE,katholou,para_poly,para_poly,katholou,katholou,ligo,poly,ligo,poly,ligo,katholou,para_poly,poly,poly,katholou,ligo,katholou,para_poly,katholou,para_poly,katholou,poly,katholou,metria
664,C,BOY,GEL_THERMOU,?,?,metria,para_poly,poly,?,?,?,poly,?,metria,para_poly,para_poly,para_poly,metria,?,?,para_poly,?,?,para_poly,?,?,ligo
665,A,BOY,GEL_THERMOU,para_poly,?,?,katholou,?,?,katholou,?,katholou,?,?,?,?,katholou,katholou,?,?,katholou,katholou,?,katholou,katholou,?,?
666,B,GIRL,GEL_ARTAKIS,para_poly,ligo,katholou,metria,poly,poly,para_poly,ligo,para_poly,poly,metria,katholou,katholou,katholou,ligo,para_poly,metria,para_poly,ligo,metria,poly,poly,katholou,para_poly
667,C,BOY,GEL_THERMOU,metria,metria,ligo,metria,metria,poly,poly,metria,metria,metria,metria,poly,poly,metria,katholou,katholou,katholou,ligo,para_poly,ligo,ligo,poly,metria,ligo
668,B,GIRL,GEL_ARTAKIS,katholou,katholou,ligo,katholou,ligo,poly,metria,metria,ligo,ligo,katholou,katholou,katholou,ligo,ligo,ligo,katholou,ligo,ligo,para_poly,para_poly,ligo,katholou,metria
669,C,GIRL,GEL_ARTAKIS,katholou,para_poly,para_poly,poly,metria,poly,poly,metria,ligo,ligo,metria,para_poly,metria,poly,katholou,ligo,katholou,katholou,metria,poly,metria,ligo,katholou,para_poly
670,C,GIRL,GEL_ARTAKIS,metria,para_poly,para_poly,poly,poly,metria,poly,ligo,metria,metria,metria,para_poly,poly,ligo,ligo,metria,katholou,ligo,ligo,poly,poly,metria,ligo,metria
671,C,GIRL,GEL_ARTAKIS,metria,metria,poly,poly,metria,metria,metria,ligo,poly,poly,ligo,para_poly,para_poly,para_poly,para_poly,poly,para_poly,para_poly,metria,poly,metria,para_poly,ligo,para_poly
672,C,GIRL,GEL_ARTAKIS,metria,ligo,poly,poly,metria,poly,metria,metria,poly,para_poly,katholou,para_poly,para_poly,para_poly,para_poly,para_poly,para_poly,para_poly,katholou,metria,metria,para_poly,katholou,para_poly
673,C,BOY,GEL_THERMOU,poly,?,?,?,?,poly,ligo,poly,para_poly,?,?,para_poly,?,?,?,para_poly,?,?,?,poly,?,metria,poly,?
674,C,BOY,GEL_THERMOU,?,para_poly,metria,para_poly,para_poly,para_poly,para_poly,para_poly,katholou,poly,poly,poly,poly,katholou,ligo,para_poly,ligo,ligo,poly,ligo,katholou,poly,katholou,metria
675,C,BOY,GEL_ARTAKIS,katholou,poly,metria,ligo,poly,ligo,metria,ligo,katholou,katholou,ligo,para_poly,poly,katholou,ligo,metria,ligo,katholou,ligo,poly,katholou,katholou,katholou,katholou
676,C,GIRL,GEL_ARTAKIS,poly,metria,ligo,para_poly,para_poly,metria,katholou,poly,para_poly,katholou,katholou,metria,katholou,para_poly,metria,metria,para_poly,poly,metria,ligo,para_poly,katholou,ligo,para_poly
677,C,GIRL,GEL_ARTAKIS,ligo,ligo,metria,poly,metria,ligo,ligo,ligo,metria,katholou,katholou,katholou,katholou,para_poly,para_poly,para_poly,para_poly,metria,metria,metria,ligo,katholou,katholou,poly
678,C,GIRL,GEL_ARTAKIS,para_poly,ligo,para_poly,metria,poly,metria,poly,metria,metria,poly,ligo,para_poly,para_poly,metria,katholou,ligo,metria,poly,poly,para_poly,ligo,poly,ligo,para_poly
679,C,BOY,GEL_ARTAKIS,katholou,metria,poly,metria,katholou,poly,metria,ligo,katholou,metria,katholou,metria,katholou,katholou,katholou,ligo,katholou,katholou,katholou,para_poly,katholou,ligo,katholou,katholou
680,C,GIRL,GEL_ARTAKIS,poly,ligo,ligo,metria,metria,ligo,ligo,ligo,para_poly,metria,ligo,katholou,ligo,poly,poly,poly,poly,poly,metria,ligo,metria,poly,metria,para_poly
681,C,BOY,1o_GEL_AGRINIOU,katholou,metria,poly,metria,poly,para_poly,metria,ligo,ligo,metria,metria,metria,katholou,poly,para_poly,poly,poly,katholou,metria,katholou,poly,metria,ligo,metria
682,B,GIRL,GEL_ARTAKIS,metria,katholou,katholou,katholou,para_poly,katholou,katholou,katholou,ligo,katholou,katholou,ligo,katholou,para_poly,poly,para_poly,para_poly,katholou,katholou,metria,metria,katholou,katholou,metria
683,A,BOY,THEMELIO,katholou,para_poly,para_poly,poly,metria,poly,metria,metria,metria,metria,?,poly,metria,ligo,katholou,metria,katholou,ligo,metria,para_poly,ligo,metria,ligo,metria
684,C,GIRL,1o_GEL_AGRINIOU,?,poly,poly,poly,katholou,?,?,poly,?,?,?,ligo,metria,?,?,?,?,?,metria,?,katholou,?,poly,katholou
685,B,GIRL,GEL_ARTAKIS,katholou,katholou,ligo,poly,ligo,poly,ligo,katholou,ligo,ligo,ligo,katholou,ligo,katholou,ligo,ligo,metria,metria,metria,poly,poly,ligo,katholou,ligo
686,C,BOY,GEL_THERMOU,ligo,para_poly,ligo,metria,para_poly,para_poly,para_poly,para_poly,ligo,metria,ligo,para_poly,poly,poly,katholou,poly,katholou,katholou,metria,katholou,ligo,poly,katholou,metria
687,C,GIRL,1o_GEL_AGRINIOU,katholou,katholou,katholou,katholou,ligo,para_poly,para_poly,katholou,katholou,ligo,katholou,para_poly,katholou,katholou,katholou,metria,katholou,katholou,katholou,poly,ligo,poly,katholou,katholou
688,B,BOY,GEL_THERMOU,metria,poly,metria,poly,poly,para_poly,metria,para_poly,poly,ligo,poly,para_poly,metria,poly,katholou,metria,katholou,metria,metria,para_poly,metria,poly,poly,metria
689,B,GIRL,GEL_THERMOU,katholou,katholou,katholou,ligo,poly,katholou,poly,para_poly,katholou,katholou,para_poly,katholou,ligo,katholou,katholou,ligo,ligo,ligo,metria,para_poly,para_poly,katholou,ligo,para_poly
690,B,BOY,GEL_THERMOU,katholou,para_poly,para_poly,katholou,katholou,para_poly,para_poly,katholou,katholou,katholou,katholou,para_poly,katholou,metria,katholou,poly,?,katholou,katholou,katholou,katholou,katholou,katholou,katholou
691,B,BOY,GEL_THERMOU,metria,poly,poly,ligo,metria,metria,metria,metria,metria,metria,poly,poly,metria,metria,metria,poly,katholou,ligo,para_poly,poly,poly,metria,metria,ligo
692,B,GIRL,GEL_THERMOU,poly,katholou,katholou,metria,poly,para_poly,katholou,katholou,katholou,katholou,metria,katholou,katholou,ligo,katholou,katholou,katholou,metria,para_poly,para_poly,metria,katholou,katholou,metria
693,B,BOY,GEL_THERMOU,ligo,para_poly,poly,poly,katholou,para_poly,katholou,poly,katholou,poly,para_poly,para_poly,ligo,ligo,metria,poly,katholou,metria,para_poly,ligo,katholou,poly,katholou,ligo
694,B,BOY,GEL_THERMOU,para_poly,metria,ligo,poly,para_poly,para_poly,ligo,poly,ligo,poly,metria,poly,ligo,poly,katholou,ligo,katholou,metria,ligo,para_poly,katholou,metria,metria,para_poly
695,B,BOY,GEL_THERMOU,katholou,ligo,metria,poly,katholou,poly,katholou,para_poly,ligo,metria,para_poly,metria,katholou,poly,katholou,ligo,katholou,ligo,ligo,metria,metria,katholou,poly,katholou
696,B,BOY,GEL_THERMOU,para_poly,para_poly,para_poly,para_poly,para_poly,para_poly,para_poly,para_poly,para_poly,para_poly,para_poly,para_poly,para_poly,para_poly,para_poly,para_poly,para_poly,para_poly,para_poly,para_poly,para_poly,para_poly,para_poly,para_poly
697,B,BOY,GEL_THERMOU,katholou,ligo,poly,poly,katholou,poly,katholou,metria,katholou,katholou,poly,metria,katholou,poly,katholou,metria,ligo,katholou,poly,metria,katholou,katholou,poly,katholou
698,B,BOY,GEL_THERMOU,katholou,ligo,poly,poly,katholou,poly,katholou,metria,katholou,katholou,poly,metria,katholou,poly,katholou,metria,ligo,katholou,poly,metria,katholou,katholou,poly,katholou
699,B,GIRL,GEL_THERMOU,para_poly,metria,katholou,metria,para_poly,para_poly,metria,poly,katholou,katholou,metria,katholou,para_poly,katholou,metria,poly,para_poly,katholou,poly,para_poly,para_poly,katholou,katholou,ligo
700,A,BOY,GEL_THERMOU,ligo,katholou,poly,poly,para_poly,para_poly,metria,katholou,katholou,katholou,ligo,poly,katholou,metria,ligo,metria,ligo,katholou,ligo,para_poly,poly,katholou,metria,katholou
701,A,BOY,GEL_THERMOU,poly,katholou,katholou,katholou,poly,metria,katholou,katholou,katholou,poly,katholou,katholou,katholou,para_poly,para_poly,poly,metria,metria,poly,para_poly,katholou,ligo,katholou,katholou
702,A,GIRL,GEL_THERMOU,para_poly,katholou,metria,katholou,ligo,poly,para_poly,ligo,poly,ligo,katholou,katholou,katholou,poly,ligo,metria,katholou,katholou,ligo,para_poly,metria,katholou,katholou,para_poly
703,A,BOY,GEL_THERMOU,para_poly,poly,poly,para_poly,katholou,para_poly,poly,?,ligo,poly,ligo,katholou,metria,para_poly,poly,katholou,katholou,metria,katholou,?,metria,ligo,katholou,ligo
704,A,BOY,GEL_THERMOU,para_poly,poly,poly,para_poly,katholou,para_poly,poly,?,ligo,poly,ligo,katholou,metria,para_poly,poly,katholou,katholou,metria,katholou,?,metria,ligo,katholou,ligo
705,A,BOY,GEL_THERMOU,metria,metria,metria,metria,poly,metria,ligo,katholou,ligo,poly,katholou,para_poly,metria,poly,ligo,ligo,katholou,ligo,poly,para_poly,metria,metria,metria,ligo
706,A,BOY,GEL_THERMOU,katholou,ligo,ligo,metria,katholou,para_poly,para_poly,poly,katholou,katholou,ligo,katholou,katholou,ligo,katholou,katholou,katholou,katholou,katholou,para_poly,katholou,katholou,katholou,katholou
707,A,GIRL,GEL_THERMOU,katholou,katholou,metria,metria,ligo,poly,ligo,metria,ligo,poly,para_poly,katholou,katholou,para_poly,para_poly,poly,poly,metria,katholou,katholou,metria,para_poly,katholou,katholou
708,A,GIRL,GEL_THERMOU,para_poly,katholou,metria,katholou,para_poly,poly,para_poly,ligo,metria,ligo,metria,katholou,katholou,poly,metria,ligo,metria,katholou,ligo,para_poly,para_poly,ligo,katholou,ligo
709,B,GIRL,GEL_THERMOU,katholou,katholou,katholou,katholou,metria,poly,metria,para_poly,poly,poly,poly,katholou,metria,katholou,katholou,poly,katholou,metria,ligo,poly,poly,ligo,katholou,para_poly
710,B,BOY,GEL_THERMOU,metria,poly,para_poly,metria,metria,metria,katholou,katholou,katholou,katholou,katholou,poly,ligo,ligo,metria,metria,katholou,katholou,katholou,para_poly,katholou,katholou,katholou,katholou
711,B,BOY,GEL_THERMOU,metria,poly,poly,metria,poly,poly,metria,metria,metria,poly,ligo,poly,metria,metria,ligo,metria,katholou,poly,poly,poly,ligo,metria,metria,metria
712,B,BOY,GEL_THERMOU,poly,katholou,ligo,katholou,katholou,para_poly,ligo,poly,ligo,katholou,poly,katholou,metria,katholou,katholou,metria,katholou,metria,katholou,para_poly,poly,ligo,ligo,poly
713,B,GIRL,GEL_THERMOU,metria,metria,metria,metria,metria,para_poly,metria,metria,ligo,metria,metria,poly,metria,ligo,ligo,para_poly,katholou,ligo,ligo,poly,poly,metria,katholou,metria
714,C,BOY,1o_GEL_AGRINIOU,ligo,poly,poly,metria,para_poly,para_poly,para_poly,poly,ligo,poly,metria,poly,metria,metria,katholou,poly,katholou,ligo,poly,metria,ligo,metria,metria,metria
715,A,GIRL,GEL_THERMOU,katholou,metria,poly,katholou,katholou,ligo,ligo,katholou,metria,katholou,katholou,ligo,katholou,poly,metria,katholou,metria,katholou,metria,metria,para_poly,ligo,katholou,poly
716,A,BOY,GEL_THERMOU,poly,ligo,metria,metria,para_poly,ligo,katholou,ligo,ligo,ligo,metria,poly,ligo,poly,ligo,ligo,ligo,katholou,metria,poly,ligo,ligo,ligo,ligo
717,A,BOY,GEL_THERMOU,poly,ligo,ligo,katholou,poly,poly,ligo,metria,metria,metria,poly,metria,ligo,metria,ligo,poly,metria,ligo,metria,para_poly,katholou,katholou,katholou,poly
718,A,BOY,GEL_THERMOU,katholou,katholou,katholou,katholou,katholou,katholou,katholou,katholou,katholou,katholou,katholou,katholou,katholou,katholou,katholou,katholou,katholou,katholou,katholou,para_poly,katholou,katholou,katholou,katholou
719,A,BOY,GEL_THERMOU,katholou,katholou,katholou,katholou,katholou,katholou,katholou,katholou,katholou,katholou,katholou,katholou,katholou,katholou,katholou,katholou,katholou,katholou,katholou,para_poly,katholou,katholou,katholou,katholou
720,A,BOY,GEL_THERMOU,katholou,katholou,katholou,katholou,katholou,katholou,katholou,katholou,katholou,katholou,?,katholou,katholou,katholou,katholou,katholou,katholou,katholou,katholou,para_poly,katholou,katholou,katholou,katholou
721,A,BOY,GEL_THERMOU,poly,katholou,para_poly,ligo,ligo,para_poly,poly,para_poly,ligo,metria,ligo,katholou,ligo,para_poly,poly,poly,metria,katholou,metria,para_poly,ligo,metria,katholou,metria
722,A,GIRL,GEL_THERMOU,para_poly,para_poly,para_poly,para_poly,para_poly,para_poly,para_poly,para_poly,para_poly,para_poly,para_poly,para_poly,para_poly,para_poly,poly,para_poly,para_poly,para_poly,para_poly,para_poly,para_poly,para_poly,para_poly,para_poly
723,A,GIRL,GEL_THERMOU,katholou,katholou,katholou,ligo,metria,metria,katholou,ligo,ligo,ligo,ligo,katholou,katholou,ligo,metria,poly,?,ligo,katholou,katholou,ligo,katholou,katholou,para_poly
724,A,GIRL,GEL_THERMOU,poly,katholou,katholou,ligo,para_poly,poly,metria,katholou,katholou,katholou,ligo,katholou,?,metria,poly,metria,?,para_poly,katholou,ligo,ligo,katholou,?,?
725,A,GIRL,GEL_THERMOU,poly,katholou,katholou,katholou,poly,metria,katholou,katholou,ligo,poly,katholou,katholou,katholou,metria,para_poly,poly,poly,katholou,katholou,ligo,katholou,katholou,katholou,?
726,C,BOY,GEL_THERMOU,katholou,poly,katholou,katholou,katholou,katholou,katholou,katholou,katholou,katholou,ligo,poly,katholou,poly,katholou,katholou,katholou,katholou,metria,ligo,para_poly,katholou,katholou,katholou
727,C,GIRL,GEL_THERMOU,katholou,metria,poly,poly,poly,poly,poly,metria,metria,katholou,para_poly,metria,metria,ligo,katholou,para_poly,katholou,katholou,poly,katholou,poly,metria,katholou,poly
728,C,GIRL,GEL_THERMOU,katholou,katholou,katholou,ligo,poly,poly,katholou,katholou,poly,poly,ligo,katholou,ligo,para_poly,ligo,metria,katholou,poly,katholou,ligo,poly,metria,katholou,katholou
729,C,GIRL,GEL_THERMOU,metria,poly,para_poly,para_poly,poly,metria,katholou,metria,para_poly,katholou,poly,katholou,katholou,para_poly,para_poly,para_poly,para_poly,para_poly,katholou,poly,para_poly,katholou,katholou,para_poly
730,C,BOY,GEL_THERMOU,katholou,metria,katholou,ligo,ligo,para_poly,para_poly,para_poly,ligo,ligo,katholou,metria,metria,katholou,katholou,ligo,katholou,katholou,metria,metria,metria,ligo,ligo,metria
731,C,GIRL,GEL_THERMOU,ligo,katholou,katholou,ligo,ligo,poly,metria,katholou,metria,katholou,ligo,katholou,katholou,metria,katholou,poly,katholou,ligo,ligo,poly,metria,ligo,katholou,poly
732,C,GIRL,GEL_THERMOU,para_poly,poly,para_poly,poly,para_poly,para_poly,katholou,para_poly,para_poly,poly,poly,para_poly,ligo,para_poly,para_poly,para_poly,para_poly,para_poly,poly,para_poly,para_poly,katholou,katholou,para_poly
733,C,GIRL,GEL_THERMOU,poly,katholou,katholou,metria,katholou,poly,katholou,ligo,metria,katholou,para_poly,katholou,metria,ligo,ligo,ligo,katholou,metria,katholou,para_poly,metria,katholou,katholou,ligo
734,C,GIRL,GEL_THERMOU,para_poly,katholou,poly,metria,ligo,ligo,katholou,katholou,katholou,katholou,katholou,ligo,katholou,para_poly,para_poly,para_poly,poly,katholou,katholou,metria,ligo,katholou,katholou,poly
735,C,GIRL,GEL_THERMOU,para_poly,katholou,para_poly,metria,metria,ligo,katholou,katholou,ligo,katholou,katholou,metria,katholou,poly,para_poly,para_poly,para_poly,ligo,metria,metria,metria,katholou,ligo,para_poly
736,C,BOY,GEL_THERMOU,para_poly,katholou,metria,metria,ligo,poly,poly,poly,para_poly,katholou,katholou,poly,metria,metria,katholou,poly,katholou,metria,metria,para_poly,ligo,metria,katholou,poly
737,C,BOY,GRASEP_THERMOU,para_poly,poly,ligo,metria,metria,para_poly,poly,metria,metria,poly,metria,poly,para_poly,katholou,katholou,metria,katholou,metria,metria,para_poly,metria,metria,metria,metria
738,A,GIRL,GEL_THERMOU,katholou,para_poly,para_poly,para_poly,katholou,metria,katholou,ligo,ligo,ligo,metria,para_poly,katholou,katholou,ligo,poly,katholou,katholou,metria,metria,para_poly,katholou,katholou,poly
739,A,GIRL,GEL_THERMOU,katholou,para_poly,para_poly,para_poly,ligo,ligo,ligo,katholou,?,ligo,?,para_poly,?,katholou,katholou,metria,?,?,metria,katholou,katholou,ligo,?,katholou
740,A,GIRL,GEL_THERMOU,para_poly,para_poly,para_poly,para_poly,para_poly,para_poly,para_poly,para_poly,para_poly,para_poly,para_poly,para_poly,para_poly,para_poly,para_poly,para_poly,para_poly,para_poly,para_poly,para_poly,para_poly,para_poly,para_poly,para_poly
741,A,GIRL,GEL_THERMOU,katholou,para_poly,para_poly,para_poly,katholou,ligo,?,ligo,?,katholou,?,para_poly,?,katholou,ligo,poly,?,?,metria,ligo,para_poly,ligo,?,metria
742,A,GIRL,GEL_THERMOU,ligo,ligo,metria,katholou,ligo,poly,metria,katholou,katholou,metria,ligo,ligo,ligo,ligo,ligo,ligo,katholou,metria,katholou,poly,metria,ligo,katholou,ligo
743,A,BOY,GEL_THERMOU,para_poly,katholou,katholou,ligo,para_poly,para_poly,para_poly,para_poly,katholou,para_poly,para_poly,katholou,katholou,metria,poly,para_poly,ligo,metria,katholou,para_poly,katholou,metria,para_poly,para_poly
744,A,GIRL,GEL_THERMOU,metria,metria,ligo,ligo,ligo,para_poly,katholou,katholou,katholou,katholou,katholou,poly,katholou,katholou,metria,para_poly,katholou,katholou,katholou,para_poly,ligo,katholou,katholou,katholou
745,A,GIRL,GEL_THERMOU,metria,ligo,metria,ligo,metria,ligo,poly,metria,metria,metria,metria,ligo,poly,metria,metria,metria,metria,ligo,ligo,poly,metria,ligo,metria,metria
746,A,BOY,GEL_THERMOU,katholou,katholou,katholou,katholou,ligo,metria,ligo,katholou,katholou,katholou,para_poly,katholou,katholou,katholou,katholou,ligo,katholou,katholou,katholou,para_poly,poly,katholou,katholou,katholou
